======================================================================
ZCodeBERT - Modelo de Comprension de Codigo con MZTrain + MNEME
======================================================================

Device: cuda
MNEME disponible: True

--- Configuracion ---
  Hidden size:     512
  Num layers:      12
  Num heads:       8
  Intermediate:    2048
  Max seq len:     256
  Rank:            32
  Vocab size:      50000

--- Creando modelo ---
  Parametros reales:       29,471,888
  Parametros equivalentes: 63,799,808
  Capas factorizadas:      73
  Ratio compresion:        0.461
  Ahorro:                  53.9%

--- Generando datos sinteticos ---
  Snippets generados: 1000
  Lenguajes: Python, JavaScript, Java, Go, Ruby, PHP
  Ejemplo: <?php
class countRepository {{
    private array $value;
    private int $data;
...
  Train samples: 800, Val samples: 200
  Batch size: 16

--- Entrenamiento ---
  Epochs: 15
  Rango inicial: 32
  Rango maximo: 128
  Schedule: EXPONENTIAL
2026-09-26 12:26:18,638 - mneme.mneme_core - WARNING - No secret key provided. Generating a transient secure key.
2026-09-26 12:26:18,640 - mneme.mneme_core - INFO - ZSpace initialized with device: cuda
2026-09-26 12:26:18,640 - mneme.mneme_core - INFO - Security level: SAFETENSORS
2026-09-26 12:26:18,640 - mneme.mneme_core - INFO - Using safetensors for secure serialization
2026-09-26 12:26:18,677 - mneme.mneme_core - INFO - Group-int8_group 'act_ckpt_1_2940754499680' (16, 256, 512): ratio=0.256, groups=4
2026-09-26 12:26:18,694 - mneme.mneme_core - INFO - Registered 'act_ckpt_1_2940754499680'. Type: quantized_group. Addr: 7f72d372
2026-09-26 12:26:18,731 - mneme.mneme_core - INFO - Group-int8_group 'act_ckpt_2_2940749909440' (16, 256, 512): ratio=0.258, groups=4
2026-09-26 12:26:18,749 - mneme.mneme_core - INFO - Registered 'act_ckpt_2_2940749909440'. Type: quantized_group. Addr: 7f72d372
2026-09-26 12:26:18,783 - mneme.mneme_core - INFO - Group-int8_group 'act_ckpt_3_2940774363648' (16, 256, 512): ratio=0.258, groups=4
2026-09-26 12:26:18,800 - mneme.mneme_core - INFO - Registered 'act_ckpt_3_2940774363648'. Type: quantized_group. Addr: 7f72d372
2026-09-26 12:26:18,837 - mneme.mneme_core - INFO - Group-int8_group 'act_ckpt_4_2940774363328' (16, 256, 512): ratio=0.258, groups=4
2026-09-26 12:26:18,859 - mneme.mneme_core - INFO - Registered 'act_ckpt_4_2940774363328'. Type: quantized_group. Addr: 7f72d372
2026-09-26 12:26:18,894 - mneme.mneme_core - INFO - Group-int8_group 'act_ckpt_5_2940774811840' (16, 256, 512): ratio=0.258, groups=4
2026-09-26 12:26:18,913 - mneme.mneme_core - INFO - Registered 'act_ckpt_5_2940774811840'. Type: quantized_group. Addr: 7f72d372
2026-09-26 12:26:18,947 - mneme.mneme_core - INFO - Group-int8_group 'act_ckpt_6_2940774981360' (16, 256, 512): ratio=0.258, groups=4
2026-09-26 12:26:18,966 - mneme.mneme_core - INFO - Registered 'act_ckpt_6_2940774981360'. Type: quantized_group. Addr: 7f72d372
2026-09-26 12:26:19,000 - mneme.mneme_core - INFO - Group-int8_group 'act_ckpt_7_2940774825360' (16, 256, 512): ratio=0.258, groups=4
2026-09-26 12:26:19,019 - mneme.mneme_core - INFO - Registered 'act_ckpt_7_2940774825360'. Type: quantized_group. Addr: 7f72d372
2026-09-26 12:26:19,053 - mneme.mneme_core - INFO - Group-int8_group 'act_ckpt_8_2940774814240' (16, 256, 512): ratio=0.258, groups=4
2026-09-26 12:26:19,071 - mneme.mneme_core - INFO - Registered 'act_ckpt_8_2940774814240'. Type: quantized_group. Addr: 7f72d372
2026-09-26 12:26:19,105 - mneme.mneme_core - INFO - Group-int8_group 'act_ckpt_9_2940774812080' (16, 256, 512): ratio=0.258, groups=4
2026-09-26 12:26:19,124 - mneme.mneme_core - INFO - Registered 'act_ckpt_9_2940774812080'. Type: quantized_group. Addr: 7f72d372
2026-09-26 12:26:19,157 - mneme.mneme_core - INFO - Group-int8_group 'act_ckpt_10_2940774974400' (16, 256, 512): ratio=0.258, groups=4
2026-09-26 12:26:19,174 - mneme.mneme_core - INFO - Registered 'act_ckpt_10_2940774974400'. Type: quantized_group. Addr: 7f72d372
2026-09-26 12:26:19,209 - mneme.mneme_core - INFO - Group-int8_group 'act_ckpt_11_2940774982400' (16, 256, 512): ratio=0.258, groups=4
2026-09-26 12:26:19,226 - mneme.mneme_core - INFO - Registered 'act_ckpt_11_2940774982400'. Type: quantized_group. Addr: 7f72d372
2026-09-26 12:26:19,263 - mneme.mneme_core - INFO - Group-int8_group 'act_ckpt_12_2940774984960' (16, 256, 512): ratio=0.258, groups=4
2026-09-26 12:26:19,280 - mneme.mneme_core - INFO - Registered 'act_ckpt_12_2940774984960'. Type: quantized_group. Addr: 7f72d372
2026-09-26 12:26:33,256 - mneme.mneme_core - INFO - Group-int8_group 'act_ckpt_13_2940775145520' (16, 256, 512): ratio=0.256, groups=4
2026-09-26 12:26:33,281 - mneme.mneme_core - INFO - Registered 'act_ckpt_13_2940775145520'. Type: quantized_group. Addr: 7f72d372
2026-09-26 12:26:33,290 - mneme.mneme_core - INFO - Group-int8_group 'act_ckpt_14_2940775144400' (16, 256, 512): ratio=0.258, groups=4
2026-09-26 12:26:33,313 - mneme.mneme_core - INFO - Registered 'act_ckpt_14_2940775144400'. Type: quantized_group. Addr: 7f72d372
2026-09-26 12:26:33,324 - mneme.mneme_core - INFO - Group-int8_group 'act_ckpt_15_2940775143760' (16, 256, 512): ratio=0.258, groups=4
2026-09-26 12:26:33,343 - mneme.mneme_core - INFO - Registered 'act_ckpt_15_2940775143760'. Type: quantized_group. Addr: 7f72d372
2026-09-26 12:26:33,352 - mneme.mneme_core - INFO - Group-int8_group 'act_ckpt_16_2940775143200' (16, 256, 512): ratio=0.258, groups=4
2026-09-26 12:26:33,374 - mneme.mneme_core - INFO - Registered 'act_ckpt_16_2940775143200'. Type: quantized_group. Addr: 7f72d372
2026-09-26 12:26:33,384 - mneme.mneme_core - INFO - Group-int8_group 'act_ckpt_17_2940775142640' (16, 256, 512): ratio=0.258, groups=4
2026-09-26 12:26:33,404 - mneme.mneme_core - INFO - Registered 'act_ckpt_17_2940775142640'. Type: quantized_group. Addr: 7f72d372
2026-09-26 12:26:33,414 - mneme.mneme_core - INFO - Group-int8_group 'act_ckpt_18_2940775142080' (16, 256, 512): ratio=0.258, groups=4
2026-09-26 12:26:33,436 - mneme.mneme_core - INFO - Registered 'act_ckpt_18_2940775142080'. Type: quantized_group. Addr: 7f72d372
2026-09-26 12:26:33,443 - mneme.mneme_core - INFO - Group-int8_group 'act_ckpt_19_2940775141600' (16, 256, 512): ratio=0.258, groups=4
2026-09-26 12:26:33,463 - mneme.mneme_core - INFO - Registered 'act_ckpt_19_2940775141600'. Type: quantized_group. Addr: 7f72d372
2026-09-26 12:26:33,472 - mneme.mneme_core - INFO - Group-int8_group 'act_ckpt_20_2940775141120' (16, 256, 512): ratio=0.258, groups=4
2026-09-26 12:26:33,492 - mneme.mneme_core - INFO - Registered 'act_ckpt_20_2940775141120'. Type: quantized_group. Addr: 7f72d372
2026-09-26 12:26:33,501 - mneme.mneme_core - INFO - Group-int8_group 'act_ckpt_21_2940775140560' (16, 256, 512): ratio=0.258, groups=4
2026-09-26 12:26:33,521 - mneme.mneme_core - INFO - Registered 'act_ckpt_21_2940775140560'. Type: quantized_group. Addr: 7f72d372
2026-09-26 12:26:33,529 - mneme.mneme_core - INFO - Group-int8_group 'act_ckpt_22_2940775139920' (16, 256, 512): ratio=0.258, groups=4
2026-09-26 12:26:33,552 - mneme.mneme_core - INFO - Registered 'act_ckpt_22_2940775139920'. Type: quantized_group. Addr: 7f72d372
2026-09-26 12:26:33,562 - mneme.mneme_core - INFO - Group-int8_group 'act_ckpt_23_2940775139200' (16, 256, 512): ratio=0.258, groups=4
2026-09-26 12:26:33,581 - mneme.mneme_core - INFO - Registered 'act_ckpt_23_2940775139200'. Type: quantized_group. Addr: 7f72d372
2026-09-26 12:26:33,589 - mneme.mneme_core - INFO - Group-int8_group 'act_ckpt_24_2940775138560' (16, 256, 512): ratio=0.258, groups=4
2026-09-26 12:26:33,608 - mneme.mneme_core - INFO - Registered 'act_ckpt_24_2940775138560'. Type: quantized_group. Addr: 7f72d372
2026-09-26 12:26:37,280 - mneme.mneme_core - INFO - Group-int8_group 'act_ckpt_25_2940775267648' (16, 256, 512): ratio=0.256, groups=4
2026-09-26 12:26:37,300 - mneme.mneme_core - INFO - Registered 'act_ckpt_25_2940775267648'. Type: quantized_group. Addr: 7f72d372
2026-09-26 12:26:37,308 - mneme.mneme_core - INFO - Group-int8_group 'act_ckpt_26_2940775266528' (16, 256, 512): ratio=0.258, groups=4
2026-09-26 12:26:37,325 - mneme.mneme_core - INFO - Registered 'act_ckpt_26_2940775266528'. Type: quantized_group. Addr: 7f72d372
2026-09-26 12:26:37,334 - mneme.mneme_core - INFO - Group-int8_group 'act_ckpt_27_2940775265968' (16, 256, 512): ratio=0.258, groups=4
2026-09-26 12:26:37,352 - mneme.mneme_core - INFO - Registered 'act_ckpt_27_2940775265968'. Type: quantized_group. Addr: 7f72d372
2026-09-26 12:26:37,360 - mneme.mneme_core - INFO - Group-int8_group 'act_ckpt_28_2940775265408' (16, 256, 512): ratio=0.258, groups=4
2026-09-26 12:26:37,376 - mneme.mneme_core - INFO - Registered 'act_ckpt_28_2940775265408'. Type: quantized_group. Addr: 7f72d372
2026-09-26 12:26:37,384 - mneme.mneme_core - INFO - Group-int8_group 'act_ckpt_29_2940775264928' (16, 256, 512): ratio=0.258, groups=4
2026-09-26 12:26:37,400 - mneme.mneme_core - INFO - Registered 'act_ckpt_29_2940775264928'. Type: quantized_group. Addr: 7f72d372
2026-09-26 12:26:37,407 - mneme.mneme_core - INFO - Group-int8_group 'act_ckpt_30_2940775264368' (16, 256, 512): ratio=0.258, groups=4
2026-09-26 12:26:37,423 - mneme.mneme_core - INFO - Registered 'act_ckpt_30_2940775264368'. Type: quantized_group. Addr: 7f72d372
2026-09-26 12:26:37,430 - mneme.mneme_core - INFO - Group-int8_group 'act_ckpt_31_2940775263808' (16, 256, 512): ratio=0.258, groups=4
2026-09-26 12:26:37,446 - mneme.mneme_core - INFO - Registered 'act_ckpt_31_2940775263808'. Type: quantized_group. Addr: 7f72d372
2026-09-26 12:26:37,453 - mneme.mneme_core - INFO - Group-int8_group 'act_ckpt_32_2940775263168' (16, 256, 512): ratio=0.258, groups=4
2026-09-26 12:26:37,469 - mneme.mneme_core - INFO - Registered 'act_ckpt_32_2940775263168'. Type: quantized_group. Addr: 7f72d372
2026-09-26 12:26:37,476 - mneme.mneme_core - INFO - Group-int8_group 'act_ckpt_33_2940775262448' (16, 256, 512): ratio=0.258, groups=4
2026-09-26 12:26:37,492 - mneme.mneme_core - INFO - Registered 'act_ckpt_33_2940775262448'. Type: quantized_group. Addr: 7f72d372
2026-09-26 12:26:37,499 - mneme.mneme_core - INFO - Group-int8_group 'act_ckpt_34_2940775261728' (16, 256, 512): ratio=0.258, groups=4
2026-09-26 12:26:37,515 - mneme.mneme_core - INFO - Registered 'act_ckpt_34_2940775261728'. Type: quantized_group. Addr: 7f72d372
2026-09-26 12:26:37,522 - mneme.mneme_core - INFO - Group-int8_group 'act_ckpt_35_2940775261008' (16, 256, 512): ratio=0.258, groups=4
2026-09-26 12:26:37,539 - mneme.mneme_core - INFO - Registered 'act_ckpt_35_2940775261008'. Type: quantized_group. Addr: 7f72d372
2026-09-26 12:26:37,546 - mneme.mneme_core - INFO - Group-int8_group 'act_ckpt_36_2940775260288' (16, 256, 512): ratio=0.258, groups=4
2026-09-26 12:26:37,562 - mneme.mneme_core - INFO - Registered 'act_ckpt_36_2940775260288'. Type: quantized_group. Addr: 7f72d372
2026-09-26 12:26:37,884 - mneme.mneme_core - INFO - Group-int8_group 'act_ckpt_37_2940775137440' (16, 256, 512): ratio=0.256, groups=4
2026-09-26 12:26:37,903 - mneme.mneme_core - INFO - Registered 'act_ckpt_37_2940775137440'. Type: quantized_group. Addr: 7f72d372
2026-09-26 12:26:37,910 - mneme.mneme_core - INFO - Group-int8_group 'act_ckpt_38_2940775141760' (16, 256, 512): ratio=0.258, groups=4
2026-09-26 12:26:37,930 - mneme.mneme_core - INFO - Registered 'act_ckpt_38_2940775141760'. Type: quantized_group. Addr: 7f72d372
2026-09-26 12:26:37,939 - mneme.mneme_core - INFO - Group-int8_group 'act_ckpt_39_2940775144560' (16, 256, 512): ratio=0.258, groups=4
2026-09-26 12:26:37,958 - mneme.mneme_core - INFO - Registered 'act_ckpt_39_2940775144560'. Type: quantized_group. Addr: 7f72d372
2026-09-26 12:26:37,965 - mneme.mneme_core - INFO - Group-int8_group 'act_ckpt_40_2940775145120' (16, 256, 512): ratio=0.258, groups=4
2026-09-26 12:26:37,982 - mneme.mneme_core - INFO - Registered 'act_ckpt_40_2940775145120'. Type: quantized_group. Addr: 7f72d372
2026-09-26 12:26:37,989 - mneme.mneme_core - INFO - Group-int8_group 'act_ckpt_41_2940775142240' (16, 256, 512): ratio=0.258, groups=4
2026-09-26 12:26:38,006 - mneme.mneme_core - INFO - Registered 'act_ckpt_41_2940775142240'. Type: quantized_group. Addr: 7f72d372
2026-09-26 12:26:38,013 - mneme.mneme_core - INFO - Group-int8_group 'act_ckpt_42_2940774979440' (16, 256, 512): ratio=0.258, groups=4
2026-09-26 12:26:38,029 - mneme.mneme_core - INFO - Registered 'act_ckpt_42_2940774979440'. Type: quantized_group. Addr: 7f72d372
2026-09-26 12:26:38,036 - mneme.mneme_core - INFO - Group-int8_group 'act_ckpt_43_2940774986320' (16, 256, 512): ratio=0.258, groups=4
2026-09-26 12:26:38,052 - mneme.mneme_core - INFO - Registered 'act_ckpt_43_2940774986320'. Type: quantized_group. Addr: 7f72d372
2026-09-26 12:26:38,059 - mneme.mneme_core - INFO - Group-int8_group 'act_ckpt_44_2940774984720' (16, 256, 512): ratio=0.258, groups=4
2026-09-26 12:26:38,075 - mneme.mneme_core - INFO - Registered 'act_ckpt_44_2940774984720'. Type: quantized_group. Addr: 7f72d372
2026-09-26 12:26:38,083 - mneme.mneme_core - INFO - Group-int8_group 'act_ckpt_45_2942006827984' (16, 256, 512): ratio=0.258, groups=4
2026-09-26 12:26:38,099 - mneme.mneme_core - INFO - Registered 'act_ckpt_45_2942006827984'. Type: quantized_group. Addr: 7f72d372
2026-09-26 12:26:38,106 - mneme.mneme_core - INFO - Group-int8_group 'act_ckpt_46_2940774810240' (16, 256, 512): ratio=0.258, groups=4
2026-09-26 12:26:38,122 - mneme.mneme_core - INFO - Registered 'act_ckpt_46_2940774810240'. Type: quantized_group. Addr: 7f72d372
2026-09-26 12:26:38,129 - mneme.mneme_core - INFO - Group-int8_group 'act_ckpt_47_2940774820400' (16, 256, 512): ratio=0.258, groups=4
2026-09-26 12:26:38,146 - mneme.mneme_core - INFO - Registered 'act_ckpt_47_2940774820400'. Type: quantized_group. Addr: 7f72d372
2026-09-26 12:26:38,153 - mneme.mneme_core - INFO - Group-int8_group 'act_ckpt_48_2940775235520' (16, 256, 512): ratio=0.258, groups=4
2026-09-26 12:26:38,169 - mneme.mneme_core - INFO - Registered 'act_ckpt_48_2940775235520'. Type: quantized_group. Addr: 7f72d372
2026-09-26 12:26:38,485 - mneme.mneme_core - INFO - Group-int8_group 'act_ckpt_49_2940775256128' (16, 256, 512): ratio=0.255, groups=4
2026-09-26 12:26:38,506 - mneme.mneme_core - INFO - Registered 'act_ckpt_49_2940775256128'. Type: quantized_group. Addr: 7f72d372
2026-09-26 12:26:38,513 - mneme.mneme_core - INFO - Group-int8_group 'act_ckpt_50_2940775256048' (16, 256, 512): ratio=0.258, groups=4
2026-09-26 12:26:38,531 - mneme.mneme_core - INFO - Registered 'act_ckpt_50_2940775256048'. Type: quantized_group. Addr: 7f72d372
2026-09-26 12:26:38,539 - mneme.mneme_core - INFO - Group-int8_group 'act_ckpt_51_2940775255328' (16, 256, 512): ratio=0.258, groups=4
2026-09-26 12:26:38,557 - mneme.mneme_core - INFO - Registered 'act_ckpt_51_2940775255328'. Type: quantized_group. Addr: 7f72d372
2026-09-26 12:26:38,564 - mneme.mneme_core - INFO - Group-int8_group 'act_ckpt_52_2940775255248' (16, 256, 512): ratio=0.258, groups=4
2026-09-26 12:26:38,582 - mneme.mneme_core - INFO - Registered 'act_ckpt_52_2940775255248'. Type: quantized_group. Addr: 7f72d372
2026-09-26 12:26:38,589 - mneme.mneme_core - INFO - Group-int8_group 'act_ckpt_53_2940775262608' (16, 256, 512): ratio=0.258, groups=4
2026-09-26 12:26:38,605 - mneme.mneme_core - INFO - Registered 'act_ckpt_53_2940775262608'. Type: quantized_group. Addr: 7f72d372
2026-09-26 12:26:38,612 - mneme.mneme_core - INFO - Group-int8_group 'act_ckpt_54_2940775253888' (16, 256, 512): ratio=0.258, groups=4
2026-09-26 12:26:38,628 - mneme.mneme_core - INFO - Registered 'act_ckpt_54_2940775253888'. Type: quantized_group. Addr: 7f72d372
2026-09-26 12:26:38,635 - mneme.mneme_core - INFO - Group-int8_group 'act_ckpt_55_2940775235520' (16, 256, 512): ratio=0.258, groups=4
2026-09-26 12:26:38,651 - mneme.mneme_core - INFO - Registered 'act_ckpt_55_2940775235520'. Type: quantized_group. Addr: 7f72d372
2026-09-26 12:26:38,658 - mneme.mneme_core - INFO - Group-int8_group 'act_ckpt_56_2939909307232' (16, 256, 512): ratio=0.258, groups=4
2026-09-26 12:26:38,674 - mneme.mneme_core - INFO - Registered 'act_ckpt_56_2939909307232'. Type: quantized_group. Addr: 7f72d372
2026-09-26 12:26:38,681 - mneme.mneme_core - INFO - Group-int8_group 'act_ckpt_57_2940775291616' (16, 256, 512): ratio=0.258, groups=4
2026-09-26 12:26:38,697 - mneme.mneme_core - INFO - Registered 'act_ckpt_57_2940775291616'. Type: quantized_group. Addr: 7f72d372
2026-09-26 12:26:38,704 - mneme.mneme_core - INFO - Group-int8_group 'act_ckpt_58_2940775290896' (16, 256, 512): ratio=0.258, groups=4
2026-09-26 12:26:38,720 - mneme.mneme_core - INFO - Registered 'act_ckpt_58_2940775290896'. Type: quantized_group. Addr: 7f72d372
2026-09-26 12:26:38,727 - mneme.mneme_core - INFO - Group-int8_group 'act_ckpt_59_2940775290256' (16, 256, 512): ratio=0.258, groups=4
2026-09-26 12:26:38,742 - mneme.mneme_core - INFO - Registered 'act_ckpt_59_2940775290256'. Type: quantized_group. Addr: 7f72d372
2026-09-26 12:26:38,749 - mneme.mneme_core - INFO - Group-int8_group 'act_ckpt_60_2940775289616' (16, 256, 512): ratio=0.258, groups=4
2026-09-26 12:26:38,766 - mneme.mneme_core - INFO - Registered 'act_ckpt_60_2940775289616'. Type: quantized_group. Addr: 7f72d372
2026-09-26 12:26:39,273 - mneme.mneme_core - INFO - Group-int8_group 'act_ckpt_61_2940775300336' (16, 256, 512): ratio=0.255, groups=4
2026-09-26 12:26:39,288 - mneme.mneme_core - INFO - Registered 'act_ckpt_61_2940775300336'. Type: quantized_group. Addr: 7f72d372
2026-09-26 12:26:39,295 - mneme.mneme_core - INFO - Group-int8_group 'act_ckpt_62_2940775299136' (16, 256, 512): ratio=0.258, groups=4
2026-09-26 12:26:39,312 - mneme.mneme_core - INFO - Registered 'act_ckpt_62_2940775299136'. Type: quantized_group. Addr: 7f72d372
2026-09-26 12:26:39,319 - mneme.mneme_core - INFO - Group-int8_group 'act_ckpt_63_2940775298336' (16, 256, 512): ratio=0.258, groups=4
2026-09-26 12:26:39,334 - mneme.mneme_core - INFO - Registered 'act_ckpt_63_2940775298336'. Type: quantized_group. Addr: 7f72d372
2026-09-26 12:26:39,341 - mneme.mneme_core - INFO - Group-int8_group 'act_ckpt_64_2940775297616' (16, 256, 512): ratio=0.258, groups=4
2026-09-26 12:26:39,357 - mneme.mneme_core - INFO - Registered 'act_ckpt_64_2940775297616'. Type: quantized_group. Addr: 7f72d372
2026-09-26 12:26:39,364 - mneme.mneme_core - INFO - Group-int8_group 'act_ckpt_65_2940775296976' (16, 256, 512): ratio=0.258, groups=4
2026-09-26 12:26:39,380 - mneme.mneme_core - INFO - Registered 'act_ckpt_65_2940775296976'. Type: quantized_group. Addr: 7f72d372
2026-09-26 12:26:39,387 - mneme.mneme_core - INFO - Group-int8_group 'act_ckpt_66_2940775296096' (16, 256, 512): ratio=0.258, groups=4
2026-09-26 12:26:39,403 - mneme.mneme_core - INFO - Registered 'act_ckpt_66_2940775296096'. Type: quantized_group. Addr: 7f72d372
2026-09-26 12:26:39,410 - mneme.mneme_core - INFO - Group-int8_group 'act_ckpt_67_2940775295536' (16, 256, 512): ratio=0.258, groups=4
2026-09-26 12:26:39,427 - mneme.mneme_core - INFO - Registered 'act_ckpt_67_2940775295536'. Type: quantized_group. Addr: 7f72d372
2026-09-26 12:26:39,433 - mneme.mneme_core - INFO - Group-int8_group 'act_ckpt_68_2940775294816' (16, 256, 512): ratio=0.258, groups=4
2026-09-26 12:26:39,449 - mneme.mneme_core - INFO - Registered 'act_ckpt_68_2940775294816'. Type: quantized_group. Addr: 7f72d372
2026-09-26 12:26:39,456 - mneme.mneme_core - INFO - Group-int8_group 'act_ckpt_69_2940775294096' (16, 256, 512): ratio=0.258, groups=4
2026-09-26 12:26:39,473 - mneme.mneme_core - INFO - Registered 'act_ckpt_69_2940775294096'. Type: quantized_group. Addr: 7f72d372
2026-09-26 12:26:39,480 - mneme.mneme_core - INFO - Group-int8_group 'act_ckpt_70_2940775293296' (16, 256, 512): ratio=0.258, groups=4
2026-09-26 12:26:39,496 - mneme.mneme_core - INFO - Registered 'act_ckpt_70_2940775293296'. Type: quantized_group. Addr: 7f72d372
2026-09-26 12:26:39,502 - mneme.mneme_core - INFO - Group-int8_group 'act_ckpt_71_2940775284896' (16, 256, 512): ratio=0.258, groups=4
2026-09-26 12:26:39,518 - mneme.mneme_core - INFO - Registered 'act_ckpt_71_2940775284896'. Type: quantized_group. Addr: 7f72d372
2026-09-26 12:26:39,526 - mneme.mneme_core - INFO - Group-int8_group 'act_ckpt_72_2940775285456' (16, 256, 512): ratio=0.258, groups=4
2026-09-26 12:26:39,541 - mneme.mneme_core - INFO - Registered 'act_ckpt_72_2940775285456'. Type: quantized_group. Addr: 7f72d372
2026-09-26 12:26:39,954 - mneme.mneme_core - INFO - Group-int8_group 'act_ckpt_73_2940775169984' (16, 256, 512): ratio=0.257, groups=4
2026-09-26 12:26:39,970 - mneme.mneme_core - INFO - Registered 'act_ckpt_73_2940775169984'. Type: quantized_group. Addr: 7f72d372
2026-09-26 12:26:39,978 - mneme.mneme_core - INFO - Group-int8_group 'act_ckpt_74_2940775144960' (16, 256, 512): ratio=0.258, groups=4
2026-09-26 12:26:39,994 - mneme.mneme_core - INFO - Registered 'act_ckpt_74_2940775144960'. Type: quantized_group. Addr: 7f72d372
2026-09-26 12:26:40,002 - mneme.mneme_core - INFO - Group-int8_group 'act_ckpt_75_2940775255968' (16, 256, 512): ratio=0.258, groups=4
2026-09-26 12:26:40,020 - mneme.mneme_core - INFO - Registered 'act_ckpt_75_2940775255968'. Type: quantized_group. Addr: 7f72d372
2026-09-26 12:26:40,028 - mneme.mneme_core - INFO - Group-int8_group 'act_ckpt_76_2940775254768' (16, 256, 512): ratio=0.258, groups=4
2026-09-26 12:26:40,044 - mneme.mneme_core - INFO - Registered 'act_ckpt_76_2940775254768'. Type: quantized_group. Addr: 7f72d372
2026-09-26 12:26:40,052 - mneme.mneme_core - INFO - Group-int8_group 'act_ckpt_77_2940775289136' (16, 256, 512): ratio=0.258, groups=4
2026-09-26 12:26:40,068 - mneme.mneme_core - INFO - Registered 'act_ckpt_77_2940775289136'. Type: quantized_group. Addr: 7f72d372
2026-09-26 12:26:40,075 - mneme.mneme_core - INFO - Group-int8_group 'act_ckpt_78_2940775300816' (16, 256, 512): ratio=0.258, groups=4
2026-09-26 12:26:40,092 - mneme.mneme_core - INFO - Registered 'act_ckpt_78_2940775300816'. Type: quantized_group. Addr: 7f72d372
2026-09-26 12:26:40,099 - mneme.mneme_core - INFO - Group-int8_group 'act_ckpt_79_2940775300416' (16, 256, 512): ratio=0.258, groups=4
2026-09-26 12:26:40,115 - mneme.mneme_core - INFO - Registered 'act_ckpt_79_2940775300416'. Type: quantized_group. Addr: 7f72d372
2026-09-26 12:26:40,122 - mneme.mneme_core - INFO - Group-int8_group 'act_ckpt_80_2940775373856' (16, 256, 512): ratio=0.258, groups=4
2026-09-26 12:26:40,138 - mneme.mneme_core - INFO - Registered 'act_ckpt_80_2940775373856'. Type: quantized_group. Addr: 7f72d372
2026-09-26 12:26:40,145 - mneme.mneme_core - INFO - Group-int8_group 'act_ckpt_81_2940775373296' (16, 256, 512): ratio=0.258, groups=4
2026-09-26 12:26:40,162 - mneme.mneme_core - INFO - Registered 'act_ckpt_81_2940775373296'. Type: quantized_group. Addr: 7f72d372
2026-09-26 12:26:40,169 - mneme.mneme_core - INFO - Group-int8_group 'act_ckpt_82_2940775372736' (16, 256, 512): ratio=0.258, groups=4
2026-09-26 12:26:40,185 - mneme.mneme_core - INFO - Registered 'act_ckpt_82_2940775372736'. Type: quantized_group. Addr: 7f72d372
2026-09-26 12:26:40,191 - mneme.mneme_core - INFO - Group-int8_group 'act_ckpt_83_2940775372256' (16, 256, 512): ratio=0.258, groups=4
2026-09-26 12:26:40,207 - mneme.mneme_core - INFO - Registered 'act_ckpt_83_2940775372256'. Type: quantized_group. Addr: 7f72d372
2026-09-26 12:26:40,215 - mneme.mneme_core - INFO - Group-int8_group 'act_ckpt_84_2940775371776' (16, 256, 512): ratio=0.258, groups=4
2026-09-26 12:26:40,230 - mneme.mneme_core - INFO - Registered 'act_ckpt_84_2940775371776'. Type: quantized_group. Addr: 7f72d372
2026-09-26 12:26:40,541 - mneme.mneme_core - INFO - Group-int8_group 'act_ckpt_85_2941440542832' (16, 256, 512): ratio=0.256, groups=4
2026-09-26 12:26:40,558 - mneme.mneme_core - INFO - Registered 'act_ckpt_85_2941440542832'. Type: quantized_group. Addr: 7f72d372
2026-09-26 12:26:40,565 - mneme.mneme_core - INFO - Group-int8_group 'act_ckpt_86_2941440546272' (16, 256, 512): ratio=0.258, groups=4
2026-09-26 12:26:40,582 - mneme.mneme_core - INFO - Registered 'act_ckpt_86_2941440546272'. Type: quantized_group. Addr: 7f72d372
2026-09-26 12:26:40,590 - mneme.mneme_core - INFO - Group-int8_group 'act_ckpt_87_2941440547472' (16, 256, 512): ratio=0.258, groups=4
2026-09-26 12:26:40,608 - mneme.mneme_core - INFO - Registered 'act_ckpt_87_2941440547472'. Type: quantized_group. Addr: 7f72d372
2026-09-26 12:26:40,616 - mneme.mneme_core - INFO - Group-int8_group 'act_ckpt_88_2941440548992' (16, 256, 512): ratio=0.258, groups=4
2026-09-26 12:26:40,634 - mneme.mneme_core - INFO - Registered 'act_ckpt_88_2941440548992'. Type: quantized_group. Addr: 7f72d372
2026-09-26 12:26:40,641 - mneme.mneme_core - INFO - Group-int8_group 'act_ckpt_89_2941440549872' (16, 256, 512): ratio=0.258, groups=4
2026-09-26 12:26:40,657 - mneme.mneme_core - INFO - Registered 'act_ckpt_89_2941440549872'. Type: quantized_group. Addr: 7f72d372
2026-09-26 12:26:40,664 - mneme.mneme_core - INFO - Group-int8_group 'act_ckpt_90_2941440551152' (16, 256, 512): ratio=0.258, groups=4
2026-09-26 12:26:40,680 - mneme.mneme_core - INFO - Registered 'act_ckpt_90_2941440551152'. Type: quantized_group. Addr: 7f72d372
2026-09-26 12:26:40,687 - mneme.mneme_core - INFO - Group-int8_group 'act_ckpt_91_2941440552912' (16, 256, 512): ratio=0.258, groups=4
2026-09-26 12:26:40,703 - mneme.mneme_core - INFO - Registered 'act_ckpt_91_2941440552912'. Type: quantized_group. Addr: 7f72d372
2026-09-26 12:26:40,711 - mneme.mneme_core - INFO - Group-int8_group 'act_ckpt_92_2941440554192' (16, 256, 512): ratio=0.258, groups=4
2026-09-26 12:26:40,727 - mneme.mneme_core - INFO - Registered 'act_ckpt_92_2941440554192'. Type: quantized_group. Addr: 7f72d372
2026-09-26 12:26:40,734 - mneme.mneme_core - INFO - Group-int8_group 'act_ckpt_93_2941440554992' (16, 256, 512): ratio=0.258, groups=4
2026-09-26 12:26:40,750 - mneme.mneme_core - INFO - Registered 'act_ckpt_93_2941440554992'. Type: quantized_group. Addr: 7f72d372
2026-09-26 12:26:40,757 - mneme.mneme_core - INFO - Group-int8_group 'act_ckpt_94_2941440556512' (16, 256, 512): ratio=0.258, groups=4
2026-09-26 12:26:40,772 - mneme.mneme_core - INFO - Registered 'act_ckpt_94_2941440556512'. Type: quantized_group. Addr: 7f72d372
2026-09-26 12:26:40,779 - mneme.mneme_core - INFO - Group-int8_group 'act_ckpt_95_2941440540832' (16, 256, 512): ratio=0.258, groups=4
2026-09-26 12:26:40,795 - mneme.mneme_core - INFO - Registered 'act_ckpt_95_2941440540832'. Type: quantized_group. Addr: 7f72d372
2026-09-26 12:26:40,802 - mneme.mneme_core - INFO - Group-int8_group 'act_ckpt_96_2940774366208' (16, 256, 512): ratio=0.258, groups=4
2026-09-26 12:26:40,818 - mneme.mneme_core - INFO - Registered 'act_ckpt_96_2940774366208'. Type: quantized_group. Addr: 7f72d372
2026-09-26 12:26:41,125 - mneme.mneme_core - INFO - Group-int8_group 'act_ckpt_97_2941440510064' (16, 256, 512): ratio=0.256, groups=4
2026-09-26 12:26:41,141 - mneme.mneme_core - INFO - Registered 'act_ckpt_97_2941440510064'. Type: quantized_group. Addr: 7f72d372
2026-09-26 12:26:41,149 - mneme.mneme_core - INFO - Group-int8_group 'act_ckpt_98_2940771832592' (16, 256, 512): ratio=0.258, groups=4
2026-09-26 12:26:41,166 - mneme.mneme_core - INFO - Registered 'act_ckpt_98_2940771832592'. Type: quantized_group. Addr: 7f72d372
2026-09-26 12:26:41,173 - mneme.mneme_core - INFO - Group-int8_group 'act_ckpt_99_2941440515104' (16, 256, 512): ratio=0.258, groups=4
2026-09-26 12:26:41,189 - mneme.mneme_core - INFO - Registered 'act_ckpt_99_2941440515104'. Type: quantized_group. Addr: 7f72d372
2026-09-26 12:26:41,196 - mneme.mneme_core - INFO - Group-int8_group 'act_ckpt_100_2941440516304' (16, 256, 512): ratio=0.258, groups=4
2026-09-26 12:26:41,218 - mneme.mneme_core - INFO - Registered 'act_ckpt_100_2941440516304'. Type: quantized_group. Addr: 7f72d372
2026-09-26 12:26:41,226 - mneme.mneme_core - INFO - Group-int8_group 'act_ckpt_101_2941440518224' (16, 256, 512): ratio=0.258, groups=4
2026-09-26 12:26:41,242 - mneme.mneme_core - INFO - Registered 'act_ckpt_101_2941440518224'. Type: quantized_group. Addr: 7f72d372
2026-09-26 12:26:41,249 - mneme.mneme_core - INFO - Group-int8_group 'act_ckpt_102_2941440518704' (16, 256, 512): ratio=0.258, groups=4
2026-09-26 12:26:41,265 - mneme.mneme_core - INFO - Registered 'act_ckpt_102_2941440518704'. Type: quantized_group. Addr: 7f72d372
2026-09-26 12:26:41,272 - mneme.mneme_core - INFO - Group-int8_group 'act_ckpt_103_2941440520544' (16, 256, 512): ratio=0.258, groups=4
2026-09-26 12:26:41,288 - mneme.mneme_core - INFO - Registered 'act_ckpt_103_2941440520544'. Type: quantized_group. Addr: 7f72d372
2026-09-26 12:26:41,296 - mneme.mneme_core - INFO - Group-int8_group 'act_ckpt_104_2941440521424' (16, 256, 512): ratio=0.258, groups=4
2026-09-26 12:26:41,312 - mneme.mneme_core - INFO - Registered 'act_ckpt_104_2941440521424'. Type: quantized_group. Addr: 7f72d372
2026-09-26 12:26:41,319 - mneme.mneme_core - INFO - Group-int8_group 'act_ckpt_105_2941440522224' (16, 256, 512): ratio=0.258, groups=4
2026-09-26 12:26:41,335 - mneme.mneme_core - INFO - Registered 'act_ckpt_105_2941440522224'. Type: quantized_group. Addr: 7f72d372
2026-09-26 12:26:41,342 - mneme.mneme_core - INFO - Group-int8_group 'act_ckpt_106_2941440523984' (16, 256, 512): ratio=0.258, groups=4
2026-09-26 12:26:41,358 - mneme.mneme_core - INFO - Registered 'act_ckpt_106_2941440523984'. Type: quantized_group. Addr: 7f72d372
2026-09-26 12:26:41,365 - mneme.mneme_core - INFO - Group-int8_group 'act_ckpt_107_2941440523824' (16, 256, 512): ratio=0.258, groups=4
2026-09-26 12:26:41,381 - mneme.mneme_core - INFO - Registered 'act_ckpt_107_2941440523824'. Type: quantized_group. Addr: 7f72d372
2026-09-26 12:26:41,388 - mneme.mneme_core - INFO - Group-int8_group 'act_ckpt_108_2941440517024' (16, 256, 512): ratio=0.258, groups=4
2026-09-26 12:26:41,404 - mneme.mneme_core - INFO - Registered 'act_ckpt_108_2941440517024'. Type: quantized_group. Addr: 7f72d372
2026-09-26 12:26:41,718 - mneme.mneme_core - INFO - Group-int8_group 'act_ckpt_109_2940775467200' (16, 256, 512): ratio=0.256, groups=4
2026-09-26 12:26:41,734 - mneme.mneme_core - INFO - Registered 'act_ckpt_109_2940775467200'. Type: quantized_group. Addr: 7f72d372
2026-09-26 12:26:41,742 - mneme.mneme_core - INFO - Group-int8_group 'act_ckpt_110_2940775470080' (16, 256, 512): ratio=0.258, groups=4
2026-09-26 12:26:41,762 - mneme.mneme_core - INFO - Registered 'act_ckpt_110_2940775470080'. Type: quantized_group. Addr: 7f72d372
2026-09-26 12:26:41,770 - mneme.mneme_core - INFO - Group-int8_group 'act_ckpt_111_2940775471680' (16, 256, 512): ratio=0.258, groups=4
2026-09-26 12:26:41,787 - mneme.mneme_core - INFO - Registered 'act_ckpt_111_2940775471680'. Type: quantized_group. Addr: 7f72d372
2026-09-26 12:26:41,794 - mneme.mneme_core - INFO - Group-int8_group 'act_ckpt_112_2940775473840' (16, 256, 512): ratio=0.258, groups=4
2026-09-26 12:26:41,810 - mneme.mneme_core - INFO - Registered 'act_ckpt_112_2940775473840'. Type: quantized_group. Addr: 7f72d372
2026-09-26 12:26:41,818 - mneme.mneme_core - INFO - Group-int8_group 'act_ckpt_113_2940775475680' (16, 256, 512): ratio=0.258, groups=4
2026-09-26 12:26:41,833 - mneme.mneme_core - INFO - Registered 'act_ckpt_113_2940775475680'. Type: quantized_group. Addr: 7f72d372
2026-09-26 12:26:41,840 - mneme.mneme_core - INFO - Group-int8_group 'act_ckpt_114_2940775477680' (16, 256, 512): ratio=0.258, groups=4
2026-09-26 12:26:41,857 - mneme.mneme_core - INFO - Registered 'act_ckpt_114_2940775477680'. Type: quantized_group. Addr: 7f72d372
2026-09-26 12:26:41,864 - mneme.mneme_core - INFO - Group-int8_group 'act_ckpt_115_2940775479360' (16, 256, 512): ratio=0.258, groups=4
2026-09-26 12:26:41,880 - mneme.mneme_core - INFO - Registered 'act_ckpt_115_2940775479360'. Type: quantized_group. Addr: 7f72d372
2026-09-26 12:26:41,887 - mneme.mneme_core - INFO - Group-int8_group 'act_ckpt_116_2940775480800' (16, 256, 512): ratio=0.258, groups=4
2026-09-26 12:26:41,903 - mneme.mneme_core - INFO - Registered 'act_ckpt_116_2940775480800'. Type: quantized_group. Addr: 7f72d372
2026-09-26 12:26:41,910 - mneme.mneme_core - INFO - Group-int8_group 'act_ckpt_117_2940775480880' (16, 256, 512): ratio=0.258, groups=4
2026-09-26 12:26:41,926 - mneme.mneme_core - INFO - Registered 'act_ckpt_117_2940775480880'. Type: quantized_group. Addr: 7f72d372
2026-09-26 12:26:41,933 - mneme.mneme_core - INFO - Group-int8_group 'act_ckpt_118_2940775479280' (16, 256, 512): ratio=0.258, groups=4
2026-09-26 12:26:41,949 - mneme.mneme_core - INFO - Registered 'act_ckpt_118_2940775479280'. Type: quantized_group. Addr: 7f72d372
2026-09-26 12:26:41,956 - mneme.mneme_core - INFO - Group-int8_group 'act_ckpt_119_2941440596544' (16, 256, 512): ratio=0.258, groups=4
2026-09-26 12:26:41,973 - mneme.mneme_core - INFO - Registered 'act_ckpt_119_2941440596544'. Type: quantized_group. Addr: 7f72d372
2026-09-26 12:26:41,980 - mneme.mneme_core - INFO - Group-int8_group 'act_ckpt_120_2941440598704' (16, 256, 512): ratio=0.258, groups=4
2026-09-26 12:26:41,995 - mneme.mneme_core - INFO - Registered 'act_ckpt_120_2941440598704'. Type: quantized_group. Addr: 7f72d372
2026-09-26 12:26:42,500 - mneme.mneme_core - INFO - Group-int8_group 'act_ckpt_121_2940775399824' (16, 256, 512): ratio=0.256, groups=4
2026-09-26 12:26:42,516 - mneme.mneme_core - INFO - Registered 'act_ckpt_121_2940775399824'. Type: quantized_group. Addr: 7f72d372
2026-09-26 12:26:42,523 - mneme.mneme_core - INFO - Group-int8_group 'act_ckpt_122_2940775404784' (16, 256, 512): ratio=0.258, groups=4
2026-09-26 12:26:42,539 - mneme.mneme_core - INFO - Registered 'act_ckpt_122_2940775404784'. Type: quantized_group. Addr: 7f72d372
2026-09-26 12:26:42,546 - mneme.mneme_core - INFO - Group-int8_group 'act_ckpt_123_2940775406224' (16, 256, 512): ratio=0.258, groups=4
2026-09-26 12:26:42,562 - mneme.mneme_core - INFO - Registered 'act_ckpt_123_2940775406224'. Type: quantized_group. Addr: 7f72d372
2026-09-26 12:26:42,569 - mneme.mneme_core - INFO - Group-int8_group 'act_ckpt_124_2940775409024' (16, 256, 512): ratio=0.258, groups=4
2026-09-26 12:26:42,585 - mneme.mneme_core - INFO - Registered 'act_ckpt_124_2940775409024'. Type: quantized_group. Addr: 7f72d372
2026-09-26 12:26:42,592 - mneme.mneme_core - INFO - Group-int8_group 'act_ckpt_125_2940775410224' (16, 256, 512): ratio=0.258, groups=4
2026-09-26 12:26:42,608 - mneme.mneme_core - INFO - Registered 'act_ckpt_125_2940775410224'. Type: quantized_group. Addr: 7f72d372
2026-09-26 12:26:42,615 - mneme.mneme_core - INFO - Group-int8_group 'act_ckpt_126_2940775411744' (16, 256, 512): ratio=0.258, groups=4
2026-09-26 12:26:42,631 - mneme.mneme_core - INFO - Registered 'act_ckpt_126_2940775411744'. Type: quantized_group. Addr: 7f72d372
2026-09-26 12:26:42,638 - mneme.mneme_core - INFO - Group-int8_group 'act_ckpt_127_2940775413744' (16, 256, 512): ratio=0.258, groups=4
2026-09-26 12:26:42,654 - mneme.mneme_core - INFO - Registered 'act_ckpt_127_2940775413744'. Type: quantized_group. Addr: 7f72d372
2026-09-26 12:26:42,661 - mneme.mneme_core - INFO - Group-int8_group 'act_ckpt_128_2940775415344' (16, 256, 512): ratio=0.258, groups=4
2026-09-26 12:26:42,677 - mneme.mneme_core - INFO - Registered 'act_ckpt_128_2940775415344'. Type: quantized_group. Addr: 7f72d372
2026-09-26 12:26:42,685 - mneme.mneme_core - INFO - Group-int8_group 'act_ckpt_129_2940775399664' (16, 256, 512): ratio=0.258, groups=4
2026-09-26 12:26:42,701 - mneme.mneme_core - INFO - Registered 'act_ckpt_129_2940775399664'. Type: quantized_group. Addr: 7f72d372
2026-09-26 12:26:42,708 - mneme.mneme_core - INFO - Group-int8_group 'act_ckpt_130_2940775415504' (16, 256, 512): ratio=0.258, groups=4
2026-09-26 12:26:42,724 - mneme.mneme_core - INFO - Registered 'act_ckpt_130_2940775415504'. Type: quantized_group. Addr: 7f72d372
2026-09-26 12:26:42,730 - mneme.mneme_core - INFO - Group-int8_group 'act_ckpt_131_2941440527088' (16, 256, 512): ratio=0.258, groups=4
2026-09-26 12:26:42,746 - mneme.mneme_core - INFO - Registered 'act_ckpt_131_2941440527088'. Type: quantized_group. Addr: 7f72d372
2026-09-26 12:26:42,753 - mneme.mneme_core - INFO - Group-int8_group 'act_ckpt_132_2941440540528' (16, 256, 512): ratio=0.258, groups=4
2026-09-26 12:26:42,769 - mneme.mneme_core - INFO - Registered 'act_ckpt_132_2941440540528'. Type: quantized_group. Addr: 7f72d372
2026-09-26 12:26:43,186 - mneme.mneme_core - INFO - Group-int8_group 'act_ckpt_133_2941440597744' (16, 256, 512): ratio=0.255, groups=4
2026-09-26 12:26:43,203 - mneme.mneme_core - INFO - Registered 'act_ckpt_133_2941440597744'. Type: quantized_group. Addr: 7f72d372
2026-09-26 12:26:43,210 - mneme.mneme_core - INFO - Group-int8_group 'act_ckpt_134_2940775234160' (16, 256, 512): ratio=0.258, groups=4
2026-09-26 12:26:43,225 - mneme.mneme_core - INFO - Registered 'act_ckpt_134_2940775234160'. Type: quantized_group. Addr: 7f72d372
2026-09-26 12:26:43,233 - mneme.mneme_core - INFO - Group-int8_group 'act_ckpt_135_2940775479120' (16, 256, 512): ratio=0.258, groups=4
2026-09-26 12:26:43,249 - mneme.mneme_core - INFO - Registered 'act_ckpt_135_2940775479120'. Type: quantized_group. Addr: 7f72d372
2026-09-26 12:26:43,257 - mneme.mneme_core - INFO - Group-int8_group 'act_ckpt_136_2940775471760' (16, 256, 512): ratio=0.258, groups=4
2026-09-26 12:26:43,277 - mneme.mneme_core - INFO - Registered 'act_ckpt_136_2940775471760'. Type: quantized_group. Addr: 7f72d372
2026-09-26 12:26:43,285 - mneme.mneme_core - INFO - Group-int8_group 'act_ckpt_137_2940775470880' (16, 256, 512): ratio=0.258, groups=4
2026-09-26 12:26:43,303 - mneme.mneme_core - INFO - Registered 'act_ckpt_137_2940775470880'. Type: quantized_group. Addr: 7f72d372
2026-09-26 12:26:43,312 - mneme.mneme_core - INFO - Group-int8_group 'act_ckpt_138_2940775466320' (16, 256, 512): ratio=0.258, groups=4
2026-09-26 12:26:43,333 - mneme.mneme_core - INFO - Registered 'act_ckpt_138_2940775466320'. Type: quantized_group. Addr: 7f72d372
2026-09-26 12:26:43,342 - mneme.mneme_core - INFO - Group-int8_group 'act_ckpt_139_2941440555152' (16, 256, 512): ratio=0.258, groups=4
2026-09-26 12:26:43,364 - mneme.mneme_core - INFO - Registered 'act_ckpt_139_2941440555152'. Type: quantized_group. Addr: 7f72d372
2026-09-26 12:26:43,374 - mneme.mneme_core - INFO - Group-int8_group 'act_ckpt_140_2941440548912' (16, 256, 512): ratio=0.258, groups=4
2026-09-26 12:26:43,400 - mneme.mneme_core - INFO - Registered 'act_ckpt_140_2941440548912'. Type: quantized_group. Addr: 7f72d372
2026-09-26 12:26:43,410 - mneme.mneme_core - INFO - Group-int8_group 'act_ckpt_141_2941440551232' (16, 256, 512): ratio=0.258, groups=4
2026-09-26 12:26:43,434 - mneme.mneme_core - INFO - Registered 'act_ckpt_141_2941440551232'. Type: quantized_group. Addr: 7f72d372
2026-09-26 12:26:43,445 - mneme.mneme_core - INFO - Group-int8_group 'act_ckpt_142_2941440544432' (16, 256, 512): ratio=0.258, groups=4
2026-09-26 12:26:43,469 - mneme.mneme_core - INFO - Registered 'act_ckpt_142_2941440544432'. Type: quantized_group. Addr: 7f72d372
2026-09-26 12:26:43,482 - mneme.mneme_core - INFO - Group-int8_group 'act_ckpt_143_2941440548912' (16, 256, 512): ratio=0.258, groups=4
2026-09-26 12:26:43,507 - mneme.mneme_core - INFO - Registered 'act_ckpt_143_2941440548912'. Type: quantized_group. Addr: 7f72d372
2026-09-26 12:26:43,515 - mneme.mneme_core - INFO - Group-int8_group 'act_ckpt_144_2941440521184' (16, 256, 512): ratio=0.258, groups=4
2026-09-26 12:26:43,539 - mneme.mneme_core - INFO - Registered 'act_ckpt_144_2941440521184'. Type: quantized_group. Addr: 7f72d372
2026-09-26 12:26:43,867 - mneme.mneme_core - INFO - Group-int8_group 'act_ckpt_145_2940775368896' (16, 256, 512): ratio=0.256, groups=4
2026-09-26 12:26:43,883 - mneme.mneme_core - INFO - Registered 'act_ckpt_145_2940775368896'. Type: quantized_group. Addr: 7f72d372
2026-09-26 12:26:43,890 - mneme.mneme_core - INFO - Group-int8_group 'act_ckpt_146_2940775378096' (16, 256, 512): ratio=0.258, groups=4
2026-09-26 12:26:43,907 - mneme.mneme_core - INFO - Registered 'act_ckpt_146_2940775378096'. Type: quantized_group. Addr: 7f72d372
2026-09-26 12:26:43,914 - mneme.mneme_core - INFO - Group-int8_group 'act_ckpt_147_2940775375536' (16, 256, 512): ratio=0.258, groups=4
2026-09-26 12:26:43,930 - mneme.mneme_core - INFO - Registered 'act_ckpt_147_2940775375536'. Type: quantized_group. Addr: 7f72d372
2026-09-26 12:26:43,937 - mneme.mneme_core - INFO - Group-int8_group 'act_ckpt_148_2940775376096' (16, 256, 512): ratio=0.258, groups=4
2026-09-26 12:26:43,953 - mneme.mneme_core - INFO - Registered 'act_ckpt_148_2940775376096'. Type: quantized_group. Addr: 7f72d372
2026-09-26 12:26:43,960 - mneme.mneme_core - INFO - Group-int8_group 'act_ckpt_149_2940775376576' (16, 256, 512): ratio=0.258, groups=4
2026-09-26 12:26:43,976 - mneme.mneme_core - INFO - Registered 'act_ckpt_149_2940775376576'. Type: quantized_group. Addr: 7f72d372
2026-09-26 12:26:43,983 - mneme.mneme_core - INFO - Group-int8_group 'act_ckpt_150_2940775377216' (16, 256, 512): ratio=0.258, groups=4
2026-09-26 12:26:43,999 - mneme.mneme_core - INFO - Registered 'act_ckpt_150_2940775377216'. Type: quantized_group. Addr: 7f72d372
2026-09-26 12:26:44,006 - mneme.mneme_core - INFO - Group-int8_group 'act_ckpt_151_2940775378016' (16, 256, 512): ratio=0.258, groups=4
2026-09-26 12:26:44,022 - mneme.mneme_core - INFO - Registered 'act_ckpt_151_2940775378016'. Type: quantized_group. Addr: 7f72d372
2026-09-26 12:26:44,030 - mneme.mneme_core - INFO - Group-int8_group 'act_ckpt_152_2940775378816' (16, 256, 512): ratio=0.258, groups=4
2026-09-26 12:26:44,046 - mneme.mneme_core - INFO - Registered 'act_ckpt_152_2940775378816'. Type: quantized_group. Addr: 7f72d372
2026-09-26 12:26:44,052 - mneme.mneme_core - INFO - Group-int8_group 'act_ckpt_153_2940775379376' (16, 256, 512): ratio=0.258, groups=4
2026-09-26 12:26:46,469 - mneme.mneme_core - INFO - Registered 'act_ckpt_153_2940775379376'. Type: quantized_group. Addr: 7f72d372
2026-09-26 12:26:46,482 - mneme.mneme_core - INFO - Group-int8_group 'act_ckpt_154_2940775380096' (16, 256, 512): ratio=0.258, groups=4
2026-09-26 12:26:48,940 - mneme.mneme_core - INFO - Registered 'act_ckpt_154_2940775380096'. Type: quantized_group. Addr: 7f72d372
2026-09-26 12:26:48,979 - mneme.mneme_core - INFO - Group-int8_group 'act_ckpt_155_2940775380496' (16, 256, 512): ratio=0.258, groups=4
2026-09-26 12:26:51,375 - mneme.mneme_core - INFO - Registered 'act_ckpt_155_2940775380496'. Type: quantized_group. Addr: 7f72d372
2026-09-26 12:26:51,457 - mneme.mneme_core - INFO - Group-int8_group 'act_ckpt_156_2940775380896' (16, 256, 512): ratio=0.258, groups=4
2026-09-26 12:26:53,873 - mneme.mneme_core - INFO - Registered 'act_ckpt_156_2940775380896'. Type: quantized_group. Addr: 7f72d372
2026-09-26 12:26:54,354 - mneme.mneme_core - INFO - Group-int8_group 'act_ckpt_157_2940775410864' (16, 256, 512): ratio=0.256, groups=4
2026-09-26 12:26:56,741 - mneme.mneme_core - INFO - Registered 'act_ckpt_157_2940775410864'. Type: quantized_group. Addr: 7f72d372
2026-09-26 12:26:56,754 - mneme.mneme_core - INFO - Group-int8_group 'act_ckpt_158_2940775399744' (16, 256, 512): ratio=0.258, groups=4
2026-09-26 12:26:59,147 - mneme.mneme_core - INFO - Registered 'act_ckpt_158_2940775399744'. Type: quantized_group. Addr: 7f72d372
2026-09-26 12:26:59,191 - mneme.mneme_core - INFO - Group-int8_group 'act_ckpt_159_2940774980240' (16, 256, 512): ratio=0.258, groups=4
2026-09-26 12:27:01,578 - mneme.mneme_core - INFO - Registered 'act_ckpt_159_2940774980240'. Type: quantized_group. Addr: 7f72d372
2026-09-26 12:27:01,666 - mneme.mneme_core - INFO - Group-int8_group 'act_ckpt_160_2941440533728' (16, 256, 512): ratio=0.258, groups=4
2026-09-26 12:27:04,050 - mneme.mneme_core - INFO - Registered 'act_ckpt_160_2941440533728'. Type: quantized_group. Addr: 7f72d372
2026-09-26 12:27:04,123 - mneme.mneme_core - INFO - Group-int8_group 'act_ckpt_161_2941440529328' (16, 256, 512): ratio=0.258, groups=4
2026-09-26 12:27:06,512 - mneme.mneme_core - INFO - Registered 'act_ckpt_161_2941440529328'. Type: quantized_group. Addr: 7f72d372
2026-09-26 12:27:06,584 - mneme.mneme_core - INFO - Group-int8_group 'act_ckpt_162_2941440526368' (16, 256, 512): ratio=0.258, groups=4
2026-09-26 12:27:08,965 - mneme.mneme_core - INFO - Registered 'act_ckpt_162_2941440526368'. Type: quantized_group. Addr: 7f72d372
2026-09-26 12:27:09,048 - mneme.mneme_core - INFO - Group-int8_group 'act_ckpt_163_2940775373376' (16, 256, 512): ratio=0.258, groups=4
2026-09-26 12:27:11,442 - mneme.mneme_core - INFO - Registered 'act_ckpt_163_2940775373376'. Type: quantized_group. Addr: 7f72d372
2026-09-26 12:27:11,526 - mneme.mneme_core - INFO - Group-int8_group 'act_ckpt_164_2940775371936' (16, 256, 512): ratio=0.258, groups=4
2026-09-26 12:27:13,909 - mneme.mneme_core - INFO - Registered 'act_ckpt_164_2940775371936'. Type: quantized_group. Addr: 7f72d372
2026-09-26 12:27:13,995 - mneme.mneme_core - INFO - Group-int8_group 'act_ckpt_165_2940775377936' (16, 256, 512): ratio=0.258, groups=4
2026-09-26 12:27:16,374 - mneme.mneme_core - INFO - Registered 'act_ckpt_165_2940775377936'. Type: quantized_group. Addr: 7f72d372
2026-09-26 12:27:16,456 - mneme.mneme_core - INFO - Group-int8_group 'act_ckpt_166_2940775374416' (16, 256, 512): ratio=0.258, groups=4
2026-09-26 12:27:18,837 - mneme.mneme_core - INFO - Registered 'act_ckpt_166_2940775374416'. Type: quantized_group. Addr: 7f72d372
2026-09-26 12:27:18,916 - mneme.mneme_core - INFO - Group-int8_group 'act_ckpt_167_2940775381456' (16, 256, 512): ratio=0.258, groups=4
2026-09-26 12:27:21,307 - mneme.mneme_core - INFO - Registered 'act_ckpt_167_2940775381456'. Type: quantized_group. Addr: 7f72d372
2026-09-26 12:27:21,395 - mneme.mneme_core - INFO - Group-int8_group 'act_ckpt_168_2940775382656' (16, 256, 512): ratio=0.258, groups=4
2026-09-26 12:27:23,780 - mneme.mneme_core - INFO - Registered 'act_ckpt_168_2940775382656'. Type: quantized_group. Addr: 7f72d372
2026-09-26 12:27:29,320 - mneme.mneme_core - INFO - Group-int8_group 'act_ckpt_169_2941440793072' (16, 256, 512): ratio=0.256, groups=4
2026-09-26 12:27:31,700 - mneme.mneme_core - INFO - Registered 'act_ckpt_169_2941440793072'. Type: quantized_group. Addr: 7f72d372
2026-09-26 12:27:31,713 - mneme.mneme_core - INFO - Group-int8_group 'act_ckpt_170_2941440798032' (16, 256, 512): ratio=0.258, groups=4
2026-09-26 12:27:34,099 - mneme.mneme_core - INFO - Registered 'act_ckpt_170_2941440798032'. Type: quantized_group. Addr: 7f72d372
2026-09-26 12:27:34,170 - mneme.mneme_core - INFO - Group-int8_group 'act_ckpt_171_2941440798592' (16, 256, 512): ratio=0.258, groups=4
2026-09-26 12:27:36,557 - mneme.mneme_core - INFO - Registered 'act_ckpt_171_2941440798592'. Type: quantized_group. Addr: 7f72d372
2026-09-26 12:27:36,630 - mneme.mneme_core - INFO - Group-int8_group 'act_ckpt_172_2941440798992' (16, 256, 512): ratio=0.258, groups=4
2026-09-26 12:27:39,014 - mneme.mneme_core - INFO - Registered 'act_ckpt_172_2941440798992'. Type: quantized_group. Addr: 7f72d372
2026-09-26 12:27:39,095 - mneme.mneme_core - INFO - Group-int8_group 'act_ckpt_173_2941440799792' (16, 256, 512): ratio=0.258, groups=4
2026-09-26 12:27:41,489 - mneme.mneme_core - INFO - Registered 'act_ckpt_173_2941440799792'. Type: quantized_group. Addr: 7f72d372
2026-09-26 12:27:41,573 - mneme.mneme_core - INFO - Group-int8_group 'act_ckpt_174_2941440800032' (16, 256, 512): ratio=0.258, groups=4
2026-09-26 12:27:43,972 - mneme.mneme_core - INFO - Registered 'act_ckpt_174_2941440800032'. Type: quantized_group. Addr: 7f72d372
2026-09-26 12:27:44,053 - mneme.mneme_core - INFO - Group-int8_group 'act_ckpt_175_2941440802512' (16, 256, 512): ratio=0.258, groups=4
2026-09-26 12:27:46,435 - mneme.mneme_core - INFO - Registered 'act_ckpt_175_2941440802512'. Type: quantized_group. Addr: 7f72d372
2026-09-26 12:27:46,520 - mneme.mneme_core - INFO - Group-int8_group 'act_ckpt_176_2941440802352' (16, 256, 512): ratio=0.258, groups=4
2026-09-26 12:27:48,912 - mneme.mneme_core - INFO - Registered 'act_ckpt_176_2941440802352'. Type: quantized_group. Addr: 7f72d372
2026-09-26 12:27:48,985 - mneme.mneme_core - INFO - Group-int8_group 'act_ckpt_177_2941440801792' (16, 256, 512): ratio=0.258, groups=4
2026-09-26 12:27:51,370 - mneme.mneme_core - INFO - Registered 'act_ckpt_177_2941440801792'. Type: quantized_group. Addr: 7f72d372
2026-09-26 12:27:51,450 - mneme.mneme_core - INFO - Group-int8_group 'act_ckpt_178_2941440801312' (16, 256, 512): ratio=0.258, groups=4
2026-09-26 12:27:53,833 - mneme.mneme_core - INFO - Registered 'act_ckpt_178_2941440801312'. Type: quantized_group. Addr: 7f72d372
2026-09-26 12:27:53,914 - mneme.mneme_core - INFO - Group-int8_group 'act_ckpt_179_2941440800832' (16, 256, 512): ratio=0.258, groups=4
2026-09-26 12:27:56,293 - mneme.mneme_core - INFO - Registered 'act_ckpt_179_2941440800832'. Type: quantized_group. Addr: 7f72d372
2026-09-26 12:27:56,379 - mneme.mneme_core - INFO - Group-int8_group 'act_ckpt_180_2941440801152' (16, 256, 512): ratio=0.258, groups=4
2026-09-26 12:27:58,758 - mneme.mneme_core - INFO - Registered 'act_ckpt_180_2941440801152'. Type: quantized_group. Addr: 7f72d372
2026-09-26 12:27:59,521 - mneme.mneme_core - INFO - Group-int8_group 'act_ckpt_181_2940775163504' (16, 256, 512): ratio=0.255, groups=4
2026-09-26 12:28:02,016 - mneme.mneme_core - INFO - Registered 'act_ckpt_181_2940775163504'. Type: quantized_group. Addr: 7f72d372
2026-09-26 12:28:02,028 - mneme.mneme_core - INFO - Group-int8_group 'act_ckpt_182_2940775162944' (16, 256, 512): ratio=0.258, groups=4
2026-09-26 12:28:04,387 - mneme.mneme_core - INFO - Registered 'act_ckpt_182_2940775162944'. Type: quantized_group. Addr: 7f72d372
2026-09-26 12:28:04,426 - mneme.mneme_core - INFO - Group-int8_group 'act_ckpt_183_2940775162864' (16, 256, 512): ratio=0.258, groups=4
2026-09-26 12:28:06,785 - mneme.mneme_core - INFO - Registered 'act_ckpt_183_2940775162864'. Type: quantized_group. Addr: 7f72d372
2026-09-26 12:28:06,857 - mneme.mneme_core - INFO - Group-int8_group 'act_ckpt_184_2940775162224' (16, 256, 512): ratio=0.258, groups=4
2026-09-26 12:28:09,223 - mneme.mneme_core - INFO - Registered 'act_ckpt_184_2940775162224'. Type: quantized_group. Addr: 7f72d372
2026-09-26 12:28:09,296 - mneme.mneme_core - INFO - Group-int8_group 'act_ckpt_185_2940775161344' (16, 256, 512): ratio=0.258, groups=4
2026-09-26 12:28:11,663 - mneme.mneme_core - INFO - Registered 'act_ckpt_185_2940775161344'. Type: quantized_group. Addr: 7f72d372
2026-09-26 12:28:11,741 - mneme.mneme_core - INFO - Group-int8_group 'act_ckpt_186_2940775158944' (16, 256, 512): ratio=0.258, groups=4
2026-09-26 12:28:14,103 - mneme.mneme_core - INFO - Registered 'act_ckpt_186_2940775158944'. Type: quantized_group. Addr: 7f72d372
2026-09-26 12:28:14,177 - mneme.mneme_core - INFO - Group-int8_group 'act_ckpt_187_2940775159664' (16, 256, 512): ratio=0.258, groups=4
2026-09-26 12:28:16,537 - mneme.mneme_core - INFO - Registered 'act_ckpt_187_2940775159664'. Type: quantized_group. Addr: 7f72d372
2026-09-26 12:28:16,609 - mneme.mneme_core - INFO - Group-int8_group 'act_ckpt_188_2940775161104' (16, 256, 512): ratio=0.258, groups=4
2026-09-26 12:28:18,967 - mneme.mneme_core - INFO - Registered 'act_ckpt_188_2940775161104'. Type: quantized_group. Addr: 7f72d372
2026-09-26 12:28:19,040 - mneme.mneme_core - INFO - Group-int8_group 'act_ckpt_189_2940775151440' (16, 256, 512): ratio=0.258, groups=4
2026-09-26 12:28:21,403 - mneme.mneme_core - INFO - Registered 'act_ckpt_189_2940775151440'. Type: quantized_group. Addr: 7f72d372
2026-09-26 12:28:21,476 - mneme.mneme_core - INFO - Group-int8_group 'act_ckpt_190_2940775153120' (16, 256, 512): ratio=0.258, groups=4
2026-09-26 12:28:23,840 - mneme.mneme_core - INFO - Registered 'act_ckpt_190_2940775153120'. Type: quantized_group. Addr: 7f72d372
2026-09-26 12:28:23,916 - mneme.mneme_core - INFO - Group-int8_group 'act_ckpt_191_2940775146000' (16, 256, 512): ratio=0.258, groups=4
2026-09-26 12:28:26,288 - mneme.mneme_core - INFO - Registered 'act_ckpt_191_2940775146000'. Type: quantized_group. Addr: 7f72d372
2026-09-26 12:28:26,361 - mneme.mneme_core - INFO - Group-int8_group 'act_ckpt_192_2940775139120' (16, 256, 512): ratio=0.258, groups=4
2026-09-26 12:28:28,722 - mneme.mneme_core - INFO - Registered 'act_ckpt_192_2940775139120'. Type: quantized_group. Addr: 7f72d372
2026-09-26 12:28:30,087 - mneme.mneme_core - INFO - Group-int8_group 'act_ckpt_193_2941440835904' (16, 256, 512): ratio=0.256, groups=4
2026-09-26 12:28:32,508 - mneme.mneme_core - INFO - Registered 'act_ckpt_193_2941440835904'. Type: quantized_group. Addr: 7f72d372
2026-09-26 12:28:32,522 - mneme.mneme_core - INFO - Group-int8_group 'act_ckpt_194_2941440836384' (16, 256, 512): ratio=0.258, groups=4
2026-09-26 12:28:34,938 - mneme.mneme_core - INFO - Registered 'act_ckpt_194_2941440836384'. Type: quantized_group. Addr: 7f72d372
2026-09-26 12:28:34,978 - mneme.mneme_core - INFO - Group-int8_group 'act_ckpt_195_2941440836944' (16, 256, 512): ratio=0.258, groups=4
2026-09-26 12:28:37,401 - mneme.mneme_core - INFO - Registered 'act_ckpt_195_2941440836944'. Type: quantized_group. Addr: 7f72d372
2026-09-26 12:28:37,473 - mneme.mneme_core - INFO - Group-int8_group 'act_ckpt_196_2941440837504' (16, 256, 512): ratio=0.258, groups=4
2026-09-26 12:28:39,897 - mneme.mneme_core - INFO - Registered 'act_ckpt_196_2941440837504'. Type: quantized_group. Addr: 7f72d372
2026-09-26 12:28:39,970 - mneme.mneme_core - INFO - Group-int8_group 'act_ckpt_197_2941440837904' (16, 256, 512): ratio=0.258, groups=4
2026-09-26 12:28:42,379 - mneme.mneme_core - INFO - Registered 'act_ckpt_197_2941440837904'. Type: quantized_group. Addr: 7f72d372
2026-09-26 12:28:42,455 - mneme.mneme_core - INFO - Group-int8_group 'act_ckpt_198_2941440838064' (16, 256, 512): ratio=0.258, groups=4
2026-09-26 12:28:44,819 - mneme.mneme_core - INFO - Registered 'act_ckpt_198_2941440838064'. Type: quantized_group. Addr: 7f72d372
2026-09-26 12:28:44,891 - mneme.mneme_core - INFO - Group-int8_group 'act_ckpt_199_2941440838784' (16, 256, 512): ratio=0.258, groups=4
2026-09-26 12:28:47,256 - mneme.mneme_core - INFO - Registered 'act_ckpt_199_2941440838784'. Type: quantized_group. Addr: 7f72d372
2026-09-26 12:28:47,329 - mneme.mneme_core - INFO - Group-int8_group 'act_ckpt_200_2941440839104' (16, 256, 512): ratio=0.258, groups=4
2026-09-26 12:28:49,706 - mneme.mneme_core - INFO - Registered 'act_ckpt_200_2941440839104'. Type: quantized_group. Addr: 7f72d372
2026-09-26 12:28:49,778 - mneme.mneme_core - INFO - Group-int8_group 'act_ckpt_201_2941440839824' (16, 256, 512): ratio=0.258, groups=4
2026-09-26 12:28:52,139 - mneme.mneme_core - INFO - Registered 'act_ckpt_201_2941440839824'. Type: quantized_group. Addr: 7f72d372
2026-09-26 12:28:52,211 - mneme.mneme_core - INFO - Group-int8_group 'act_ckpt_202_2941440840304' (16, 256, 512): ratio=0.258, groups=4
2026-09-26 12:28:54,571 - mneme.mneme_core - INFO - Registered 'act_ckpt_202_2941440840304'. Type: quantized_group. Addr: 7f72d372
2026-09-26 12:28:54,647 - mneme.mneme_core - INFO - Group-int8_group 'act_ckpt_203_2941440840704' (16, 256, 512): ratio=0.258, groups=4
2026-09-26 12:28:57,006 - mneme.mneme_core - INFO - Registered 'act_ckpt_203_2941440840704'. Type: quantized_group. Addr: 7f72d372
2026-09-26 12:28:57,079 - mneme.mneme_core - INFO - Group-int8_group 'act_ckpt_204_2941440841184' (16, 256, 512): ratio=0.258, groups=4
2026-09-26 12:28:59,442 - mneme.mneme_core - INFO - Registered 'act_ckpt_204_2941440841184'. Type: quantized_group. Addr: 7f72d372
2026-09-26 12:29:00,829 - mneme.mneme_core - INFO - Group-int8_group 'act_ckpt_205_2941440800592' (16, 256, 512): ratio=0.256, groups=4
2026-09-26 12:29:03,211 - mneme.mneme_core - INFO - Registered 'act_ckpt_205_2941440800592'. Type: quantized_group. Addr: 7f72d372
2026-09-26 12:29:03,225 - mneme.mneme_core - INFO - Group-int8_group 'act_ckpt_206_2941440798352' (16, 256, 512): ratio=0.258, groups=4
2026-09-26 12:29:05,584 - mneme.mneme_core - INFO - Registered 'act_ckpt_206_2941440798352'. Type: quantized_group. Addr: 7f72d372
2026-09-26 12:29:05,623 - mneme.mneme_core - INFO - Group-int8_group 'act_ckpt_207_2941440801952' (16, 256, 512): ratio=0.258, groups=4
2026-09-26 12:29:07,987 - mneme.mneme_core - INFO - Registered 'act_ckpt_207_2941440801952'. Type: quantized_group. Addr: 7f72d372
2026-09-26 12:29:08,058 - mneme.mneme_core - INFO - Group-int8_group 'act_ckpt_208_2941440788432' (16, 256, 512): ratio=0.258, groups=4
2026-09-26 12:29:10,415 - mneme.mneme_core - INFO - Registered 'act_ckpt_208_2941440788432'. Type: quantized_group. Addr: 7f72d372
2026-09-26 12:29:10,488 - mneme.mneme_core - INFO - Group-int8_group 'act_ckpt_209_2940775267328' (16, 256, 512): ratio=0.258, groups=4
2026-09-26 12:29:12,842 - mneme.mneme_core - INFO - Registered 'act_ckpt_209_2940775267328'. Type: quantized_group. Addr: 7f72d372
2026-09-26 12:29:12,914 - mneme.mneme_core - INFO - Group-int8_group 'act_ckpt_210_2940775262368' (16, 256, 512): ratio=0.258, groups=4
2026-09-26 12:29:15,271 - mneme.mneme_core - INFO - Registered 'act_ckpt_210_2940775262368'. Type: quantized_group. Addr: 7f72d372
2026-09-26 12:29:15,342 - mneme.mneme_core - INFO - Group-int8_group 'act_ckpt_211_2940775253008' (16, 256, 512): ratio=0.258, groups=4
2026-09-26 12:29:17,700 - mneme.mneme_core - INFO - Registered 'act_ckpt_211_2940775253008'. Type: quantized_group. Addr: 7f72d372
2026-09-26 12:29:17,771 - mneme.mneme_core - INFO - Group-int8_group 'act_ckpt_212_2941440850144' (16, 256, 512): ratio=0.258, groups=4
2026-09-26 12:29:20,129 - mneme.mneme_core - INFO - Registered 'act_ckpt_212_2941440850144'. Type: quantized_group. Addr: 7f72d372
2026-09-26 12:29:20,202 - mneme.mneme_core - INFO - Group-int8_group 'act_ckpt_213_2941440850864' (16, 256, 512): ratio=0.258, groups=4
2026-09-26 12:29:22,563 - mneme.mneme_core - INFO - Registered 'act_ckpt_213_2941440850864'. Type: quantized_group. Addr: 7f72d372
2026-09-26 12:29:22,635 - mneme.mneme_core - INFO - Group-int8_group 'act_ckpt_214_2941440849424' (16, 256, 512): ratio=0.258, groups=4
2026-09-26 12:29:24,996 - mneme.mneme_core - INFO - Registered 'act_ckpt_214_2941440849424'. Type: quantized_group. Addr: 7f72d372
2026-09-26 12:29:25,069 - mneme.mneme_core - INFO - Group-int8_group 'act_ckpt_215_2941440849264' (16, 256, 512): ratio=0.258, groups=4
2026-09-26 12:29:27,430 - mneme.mneme_core - INFO - Registered 'act_ckpt_215_2941440849264'. Type: quantized_group. Addr: 7f72d372
2026-09-26 12:29:27,506 - mneme.mneme_core - INFO - Group-int8_group 'act_ckpt_216_2941440848864' (16, 256, 512): ratio=0.258, groups=4
2026-09-26 12:29:29,890 - mneme.mneme_core - INFO - Registered 'act_ckpt_216_2941440848864'. Type: quantized_group. Addr: 7f72d372
2026-09-26 12:29:31,235 - mneme.mneme_core - INFO - Group-int8_group 'act_ckpt_217_2940775158544' (16, 256, 512): ratio=0.255, groups=4
2026-09-26 12:29:33,625 - mneme.mneme_core - INFO - Registered 'act_ckpt_217_2940775158544'. Type: quantized_group. Addr: 7f72d372
2026-09-26 12:29:33,640 - mneme.mneme_core - INFO - Group-int8_group 'act_ckpt_218_2940775154464' (16, 256, 512): ratio=0.258, groups=4
2026-09-26 12:29:36,320 - mneme.mneme_core - INFO - Registered 'act_ckpt_218_2940775154464'. Type: quantized_group. Addr: 7f72d372
2026-09-26 12:29:36,359 - mneme.mneme_core - INFO - Group-int8_group 'act_ckpt_219_2940775153824' (16, 256, 512): ratio=0.258, groups=4
2026-09-26 12:29:38,758 - mneme.mneme_core - INFO - Registered 'act_ckpt_219_2940775153824'. Type: quantized_group. Addr: 7f72d372
2026-09-26 12:29:38,850 - mneme.mneme_core - INFO - Group-int8_group 'act_ckpt_220_2940775154544' (16, 256, 512): ratio=0.258, groups=4
2026-09-26 12:29:41,297 - mneme.mneme_core - INFO - Registered 'act_ckpt_220_2940775154544'. Type: quantized_group. Addr: 7f72d372
2026-09-26 12:29:41,369 - mneme.mneme_core - INFO - Group-int8_group 'act_ckpt_221_2940775155104' (16, 256, 512): ratio=0.258, groups=4
2026-09-26 12:29:43,760 - mneme.mneme_core - INFO - Registered 'act_ckpt_221_2940775155104'. Type: quantized_group. Addr: 7f72d372
2026-09-26 12:29:43,847 - mneme.mneme_core - INFO - Group-int8_group 'act_ckpt_222_2940775156304' (16, 256, 512): ratio=0.258, groups=4
2026-09-26 12:29:46,255 - mneme.mneme_core - INFO - Registered 'act_ckpt_222_2940775156304'. Type: quantized_group. Addr: 7f72d372
2026-09-26 12:29:46,341 - mneme.mneme_core - INFO - Group-int8_group 'act_ckpt_223_2940775156064' (16, 256, 512): ratio=0.258, groups=4
2026-09-26 12:29:48,781 - mneme.mneme_core - INFO - Registered 'act_ckpt_223_2940775156064'. Type: quantized_group. Addr: 7f72d372
2026-09-26 12:29:48,788 - mneme.mneme_core - INFO - Group-int8_group 'act_ckpt_224_2940775156944' (16, 256, 512): ratio=0.258, groups=4
2026-09-26 12:29:51,195 - mneme.mneme_core - INFO - Registered 'act_ckpt_224_2940775156944'. Type: quantized_group. Addr: 7f72d372
2026-09-26 12:29:51,272 - mneme.mneme_core - INFO - Group-int8_group 'act_ckpt_225_2940775161024' (16, 256, 512): ratio=0.258, groups=4
2026-09-26 12:29:53,664 - mneme.mneme_core - INFO - Registered 'act_ckpt_225_2940775161024'. Type: quantized_group. Addr: 7f72d372
2026-09-26 12:29:53,740 - mneme.mneme_core - INFO - Group-int8_group 'act_ckpt_226_2940775159824' (16, 256, 512): ratio=0.258, groups=4
2026-09-26 12:29:56,192 - mneme.mneme_core - INFO - Registered 'act_ckpt_226_2940775159824'. Type: quantized_group. Addr: 7f72d372
2026-09-26 12:29:56,319 - mneme.mneme_core - INFO - Group-int8_group 'act_ckpt_227_2940775163344' (16, 256, 512): ratio=0.258, groups=4
2026-09-26 12:29:58,720 - mneme.mneme_core - INFO - Registered 'act_ckpt_227_2940775163344'. Type: quantized_group. Addr: 7f72d372
2026-09-26 12:29:58,801 - mneme.mneme_core - INFO - Group-int8_group 'act_ckpt_228_2940775164144' (16, 256, 512): ratio=0.258, groups=4
2026-09-26 12:30:01,195 - mneme.mneme_core - INFO - Registered 'act_ckpt_228_2940775164144'. Type: quantized_group. Addr: 7f72d372
2026-09-26 12:30:02,383 - mneme.mneme_core - INFO - Group-int8_group 'act_ckpt_229_2940775152320' (16, 256, 512): ratio=0.255, groups=4
2026-09-26 12:30:04,777 - mneme.mneme_core - INFO - Registered 'act_ckpt_229_2940775152320'. Type: quantized_group. Addr: 7f72d372
2026-09-26 12:30:04,791 - mneme.mneme_core - INFO - Group-int8_group 'act_ckpt_230_2940775145680' (16, 256, 512): ratio=0.258, groups=4
2026-09-26 12:30:07,173 - mneme.mneme_core - INFO - Registered 'act_ckpt_230_2940775145680'. Type: quantized_group. Addr: 7f72d372
2026-09-26 12:30:07,216 - mneme.mneme_core - INFO - Group-int8_group 'act_ckpt_231_2940775137760' (16, 256, 512): ratio=0.258, groups=4
2026-09-26 12:30:09,597 - mneme.mneme_core - INFO - Registered 'act_ckpt_231_2940775137760'. Type: quantized_group. Addr: 7f72d372
2026-09-26 12:30:09,680 - mneme.mneme_core - INFO - Group-int8_group 'act_ckpt_232_2940775448352' (16, 256, 512): ratio=0.258, groups=4
2026-09-26 12:30:12,069 - mneme.mneme_core - INFO - Registered 'act_ckpt_232_2940775448352'. Type: quantized_group. Addr: 7f72d372
2026-09-26 12:30:12,141 - mneme.mneme_core - INFO - Group-int8_group 'act_ckpt_233_2940775447152' (16, 256, 512): ratio=0.258, groups=4
2026-09-26 12:30:14,527 - mneme.mneme_core - INFO - Registered 'act_ckpt_233_2940775447152'. Type: quantized_group. Addr: 7f72d372
2026-09-26 12:30:14,599 - mneme.mneme_core - INFO - Group-int8_group 'act_ckpt_234_2940775445152' (16, 256, 512): ratio=0.258, groups=4
2026-09-26 12:30:16,992 - mneme.mneme_core - INFO - Registered 'act_ckpt_234_2940775445152'. Type: quantized_group. Addr: 7f72d372
2026-09-26 12:30:17,073 - mneme.mneme_core - INFO - Group-int8_group 'act_ckpt_235_2940775442992' (16, 256, 512): ratio=0.258, groups=4
2026-09-26 12:30:19,453 - mneme.mneme_core - INFO - Registered 'act_ckpt_235_2940775442992'. Type: quantized_group. Addr: 7f72d372
2026-09-26 12:30:19,534 - mneme.mneme_core - INFO - Group-int8_group 'act_ckpt_236_2940775441952' (16, 256, 512): ratio=0.258, groups=4
2026-09-26 12:30:21,919 - mneme.mneme_core - INFO - Registered 'act_ckpt_236_2940775441952'. Type: quantized_group. Addr: 7f72d372
2026-09-26 12:30:22,003 - mneme.mneme_core - INFO - Group-int8_group 'act_ckpt_237_2940775441232' (16, 256, 512): ratio=0.258, groups=4
2026-09-26 12:30:24,389 - mneme.mneme_core - INFO - Registered 'act_ckpt_237_2940775441232'. Type: quantized_group. Addr: 7f72d372
2026-09-26 12:30:24,472 - mneme.mneme_core - INFO - Group-int8_group 'act_ckpt_238_2940775434192' (16, 256, 512): ratio=0.258, groups=4
2026-09-26 12:30:26,859 - mneme.mneme_core - INFO - Registered 'act_ckpt_238_2940775434192'. Type: quantized_group. Addr: 7f72d372
2026-09-26 12:30:26,931 - mneme.mneme_core - INFO - Group-int8_group 'act_ckpt_239_2940775435872' (16, 256, 512): ratio=0.258, groups=4
2026-09-26 12:30:29,321 - mneme.mneme_core - INFO - Registered 'act_ckpt_239_2940775435872'. Type: quantized_group. Addr: 7f72d372
2026-09-26 12:30:29,394 - mneme.mneme_core - INFO - Group-int8_group 'act_ckpt_240_2940775434272' (16, 256, 512): ratio=0.258, groups=4
2026-09-26 12:30:31,777 - mneme.mneme_core - INFO - Registered 'act_ckpt_240_2940775434272'. Type: quantized_group. Addr: 7f72d372
2026-09-26 12:30:33,140 - mneme.mneme_core - INFO - Group-int8_group 'act_ckpt_241_2941440611568' (16, 256, 512): ratio=0.255, groups=4
2026-09-26 12:30:35,525 - mneme.mneme_core - INFO - Registered 'act_ckpt_241_2941440611568'. Type: quantized_group. Addr: 7f72d372
2026-09-26 12:30:35,538 - mneme.mneme_core - INFO - Group-int8_group 'act_ckpt_242_2941440611728' (16, 256, 512): ratio=0.258, groups=4
2026-09-26 12:30:37,926 - mneme.mneme_core - INFO - Registered 'act_ckpt_242_2941440611728'. Type: quantized_group. Addr: 7f72d372
2026-09-26 12:30:37,970 - mneme.mneme_core - INFO - Group-int8_group 'act_ckpt_243_2940775179808' (16, 256, 512): ratio=0.258, groups=4
2026-09-26 12:30:40,350 - mneme.mneme_core - INFO - Registered 'act_ckpt_243_2940775179808'. Type: quantized_group. Addr: 7f72d372
2026-09-26 12:30:40,431 - mneme.mneme_core - INFO - Group-int8_group 'act_ckpt_244_2940775181648' (16, 256, 512): ratio=0.258, groups=4
2026-09-26 12:30:42,820 - mneme.mneme_core - INFO - Registered 'act_ckpt_244_2940775181648'. Type: quantized_group. Addr: 7f72d372
2026-09-26 12:30:42,904 - mneme.mneme_core - INFO - Group-int8_group 'act_ckpt_245_2940775182848' (16, 256, 512): ratio=0.258, groups=4
2026-09-26 12:30:45,287 - mneme.mneme_core - INFO - Registered 'act_ckpt_245_2940775182848'. Type: quantized_group. Addr: 7f72d372
2026-09-26 12:30:45,370 - mneme.mneme_core - INFO - Group-int8_group 'act_ckpt_246_2940775181808' (16, 256, 512): ratio=0.258, groups=4
2026-09-26 12:30:47,757 - mneme.mneme_core - INFO - Registered 'act_ckpt_246_2940775181808'. Type: quantized_group. Addr: 7f72d372
2026-09-26 12:30:47,831 - mneme.mneme_core - INFO - Group-int8_group 'act_ckpt_247_2940775185728' (16, 256, 512): ratio=0.258, groups=4
2026-09-26 12:30:50,220 - mneme.mneme_core - INFO - Registered 'act_ckpt_247_2940775185728'. Type: quantized_group. Addr: 7f72d372
2026-09-26 12:30:50,305 - mneme.mneme_core - INFO - Group-int8_group 'act_ckpt_248_2940775186208' (16, 256, 512): ratio=0.258, groups=4
2026-09-26 12:30:52,686 - mneme.mneme_core - INFO - Registered 'act_ckpt_248_2940775186208'. Type: quantized_group. Addr: 7f72d372
2026-09-26 12:30:52,768 - mneme.mneme_core - INFO - Group-int8_group 'act_ckpt_249_2940775184368' (16, 256, 512): ratio=0.258, groups=4
2026-09-26 12:30:55,152 - mneme.mneme_core - INFO - Registered 'act_ckpt_249_2940775184368'. Type: quantized_group. Addr: 7f72d372
2026-09-26 12:30:55,236 - mneme.mneme_core - INFO - Group-int8_group 'act_ckpt_250_2941440493360' (16, 256, 512): ratio=0.258, groups=4
2026-09-26 12:30:57,621 - mneme.mneme_core - INFO - Registered 'act_ckpt_250_2941440493360'. Type: quantized_group. Addr: 7f72d372
2026-09-26 12:30:57,704 - mneme.mneme_core - INFO - Group-int8_group 'act_ckpt_251_2941440495520' (16, 256, 512): ratio=0.258, groups=4
2026-09-26 12:31:00,087 - mneme.mneme_core - INFO - Registered 'act_ckpt_251_2941440495520'. Type: quantized_group. Addr: 7f72d372
2026-09-26 12:31:00,160 - mneme.mneme_core - INFO - Group-int8_group 'act_ckpt_252_2941440506400' (16, 256, 512): ratio=0.258, groups=4
2026-09-26 12:31:02,553 - mneme.mneme_core - INFO - Registered 'act_ckpt_252_2941440506400'. Type: quantized_group. Addr: 7f72d372
2026-09-26 12:31:04,201 - mneme.mneme_core - INFO - Group-int8_group 'act_ckpt_253_2940775299056' (16, 256, 512): ratio=0.256, groups=4
2026-09-26 12:31:06,584 - mneme.mneme_core - INFO - Registered 'act_ckpt_253_2940775299056'. Type: quantized_group. Addr: 7f72d372
2026-09-26 12:31:06,600 - mneme.mneme_core - INFO - Group-int8_group 'act_ckpt_254_2940775288976' (16, 256, 512): ratio=0.258, groups=4
2026-09-26 12:31:08,982 - mneme.mneme_core - INFO - Registered 'act_ckpt_254_2940775288976'. Type: quantized_group. Addr: 7f72d372
2026-09-26 12:31:09,055 - mneme.mneme_core - INFO - Group-int8_group 'act_ckpt_255_2941441001104' (16, 256, 512): ratio=0.258, groups=4
2026-09-26 12:31:11,442 - mneme.mneme_core - INFO - Registered 'act_ckpt_255_2941441001104'. Type: quantized_group. Addr: 7f72d372
2026-09-26 12:31:11,514 - mneme.mneme_core - INFO - Group-int8_group 'act_ckpt_256_2941440999984' (16, 256, 512): ratio=0.258, groups=4
2026-09-26 12:31:13,894 - mneme.mneme_core - INFO - Registered 'act_ckpt_256_2941440999984'. Type: quantized_group. Addr: 7f72d372
2026-09-26 12:31:13,980 - mneme.mneme_core - INFO - Group-int8_group 'act_ckpt_257_2941441002064' (16, 256, 512): ratio=0.258, groups=4
2026-09-26 12:31:16,385 - mneme.mneme_core - INFO - Registered 'act_ckpt_257_2941441002064'. Type: quantized_group. Addr: 7f72d372
2026-09-26 12:31:16,506 - mneme.mneme_core - INFO - Group-int8_group 'act_ckpt_258_2941441002384' (16, 256, 512): ratio=0.258, groups=4
2026-09-26 12:31:19,400 - mneme.mneme_core - INFO - Registered 'act_ckpt_258_2941441002384'. Type: quantized_group. Addr: 7f72d372
2026-09-26 12:31:19,478 - mneme.mneme_core - INFO - Group-int8_group 'act_ckpt_259_2941441002944' (16, 256, 512): ratio=0.258, groups=4
2026-09-26 12:31:22,018 - mneme.mneme_core - INFO - Registered 'act_ckpt_259_2941441002944'. Type: quantized_group. Addr: 7f72d372
2026-09-26 12:31:22,090 - mneme.mneme_core - INFO - Group-int8_group 'act_ckpt_260_2941441003504' (16, 256, 512): ratio=0.258, groups=4
2026-09-26 12:31:24,499 - mneme.mneme_core - INFO - Registered 'act_ckpt_260_2941441003504'. Type: quantized_group. Addr: 7f72d372
2026-09-26 12:31:24,571 - mneme.mneme_core - INFO - Group-int8_group 'act_ckpt_261_2941441003984' (16, 256, 512): ratio=0.258, groups=4
2026-09-26 12:31:27,093 - mneme.mneme_core - INFO - Registered 'act_ckpt_261_2941441003984'. Type: quantized_group. Addr: 7f72d372
2026-09-26 12:31:27,180 - mneme.mneme_core - INFO - Group-int8_group 'act_ckpt_262_2941441004064' (16, 256, 512): ratio=0.258, groups=4
2026-09-26 12:31:29,599 - mneme.mneme_core - INFO - Registered 'act_ckpt_262_2941441004064'. Type: quantized_group. Addr: 7f72d372
2026-09-26 12:31:29,717 - mneme.mneme_core - INFO - Group-int8_group 'act_ckpt_263_2941441004384' (16, 256, 512): ratio=0.258, groups=4
2026-09-26 12:31:32,143 - mneme.mneme_core - INFO - Registered 'act_ckpt_263_2941441004384'. Type: quantized_group. Addr: 7f72d372
2026-09-26 12:31:32,231 - mneme.mneme_core - INFO - Group-int8_group 'act_ckpt_264_2941441005104' (16, 256, 512): ratio=0.258, groups=4
2026-09-26 12:31:34,657 - mneme.mneme_core - INFO - Registered 'act_ckpt_264_2941441005104'. Type: quantized_group. Addr: 7f72d372
2026-09-26 12:31:36,539 - mneme.mneme_core - INFO - Group-int8_group 'act_ckpt_265_2940775182608' (16, 256, 512): ratio=0.256, groups=4
2026-09-26 12:31:39,089 - mneme.mneme_core - INFO - Registered 'act_ckpt_265_2940775182608'. Type: quantized_group. Addr: 7f72d372
2026-09-26 12:31:39,166 - mneme.mneme_core - INFO - Group-int8_group 'act_ckpt_266_2940775180448' (16, 256, 512): ratio=0.258, groups=4
2026-09-26 12:31:41,695 - mneme.mneme_core - INFO - Registered 'act_ckpt_266_2940775180448'. Type: quantized_group. Addr: 7f72d372
2026-09-26 12:31:41,840 - mneme.mneme_core - INFO - Group-int8_group 'act_ckpt_267_2941440551472' (16, 256, 512): ratio=0.258, groups=4
2026-09-26 12:31:44,301 - mneme.mneme_core - INFO - Registered 'act_ckpt_267_2941440551472'. Type: quantized_group. Addr: 7f72d372
2026-09-26 12:31:44,432 - mneme.mneme_core - INFO - Group-int8_group 'act_ckpt_268_2941440500400' (16, 256, 512): ratio=0.258, groups=4
2026-09-26 12:31:46,805 - mneme.mneme_core - INFO - Registered 'act_ckpt_268_2941440500400'. Type: quantized_group. Addr: 7f72d372
2026-09-26 12:31:46,948 - mneme.mneme_core - INFO - Group-int8_group 'act_ckpt_269_2940775472000' (16, 256, 512): ratio=0.258, groups=4
2026-09-26 12:31:49,337 - mneme.mneme_core - INFO - Registered 'act_ckpt_269_2940775472000'. Type: quantized_group. Addr: 7f72d372
2026-09-26 12:31:49,468 - mneme.mneme_core - INFO - Group-int8_group 'act_ckpt_270_2941440555312' (16, 256, 512): ratio=0.258, groups=4
2026-09-26 12:31:51,825 - mneme.mneme_core - INFO - Registered 'act_ckpt_270_2941440555312'. Type: quantized_group. Addr: 7f72d372
2026-09-26 12:31:51,970 - mneme.mneme_core - INFO - Group-int8_group 'act_ckpt_271_2940775159184' (16, 256, 512): ratio=0.258, groups=4
2026-09-26 12:31:54,335 - mneme.mneme_core - INFO - Registered 'act_ckpt_271_2940775159184'. Type: quantized_group. Addr: 7f72d372
2026-09-26 12:31:54,464 - mneme.mneme_core - INFO - Group-int8_group 'act_ckpt_272_2940775159824' (16, 256, 512): ratio=0.258, groups=4
2026-09-26 12:31:56,824 - mneme.mneme_core - INFO - Registered 'act_ckpt_272_2940775159824'. Type: quantized_group. Addr: 7f72d372
2026-09-26 12:31:56,967 - mneme.mneme_core - INFO - Group-int8_group 'act_ckpt_273_2940775158464' (16, 256, 512): ratio=0.258, groups=4
2026-09-26 12:31:59,340 - mneme.mneme_core - INFO - Registered 'act_ckpt_273_2940775158464'. Type: quantized_group. Addr: 7f72d372
2026-09-26 12:31:59,472 - mneme.mneme_core - INFO - Group-int8_group 'act_ckpt_274_2941440801952' (16, 256, 512): ratio=0.258, groups=4
2026-09-26 12:32:01,855 - mneme.mneme_core - INFO - Registered 'act_ckpt_274_2941440801952'. Type: quantized_group. Addr: 7f72d372
2026-09-26 12:32:02,000 - mneme.mneme_core - INFO - Group-int8_group 'act_ckpt_275_2941440802512' (16, 256, 512): ratio=0.258, groups=4
2026-09-26 12:32:04,361 - mneme.mneme_core - INFO - Registered 'act_ckpt_275_2941440802512'. Type: quantized_group. Addr: 7f72d372
2026-09-26 12:32:04,493 - mneme.mneme_core - INFO - Group-int8_group 'act_ckpt_276_2940775153200' (16, 256, 512): ratio=0.258, groups=4
2026-09-26 12:32:06,850 - mneme.mneme_core - INFO - Registered 'act_ckpt_276_2940775153200'. Type: quantized_group. Addr: 7f72d372
2026-09-26 12:32:08,832 - mneme.mneme_core - INFO - Group-int8_group 'act_ckpt_277_2941440606144' (16, 256, 512): ratio=0.255, groups=4
2026-09-26 12:32:11,200 - mneme.mneme_core - INFO - Registered 'act_ckpt_277_2941440606144'. Type: quantized_group. Addr: 7f72d372
2026-09-26 12:32:11,212 - mneme.mneme_core - INFO - Group-int8_group 'act_ckpt_278_2941440593984' (16, 256, 512): ratio=0.258, groups=4
2026-09-26 12:32:13,577 - mneme.mneme_core - INFO - Registered 'act_ckpt_278_2941440593984'. Type: quantized_group. Addr: 7f72d372
2026-09-26 12:32:13,677 - mneme.mneme_core - INFO - Group-int8_group 'act_ckpt_279_2940775161024' (16, 256, 512): ratio=0.258, groups=4
2026-09-26 12:32:16,041 - mneme.mneme_core - INFO - Registered 'act_ckpt_279_2940775161024'. Type: quantized_group. Addr: 7f72d372
2026-09-26 12:32:16,113 - mneme.mneme_core - INFO - Group-int8_group 'act_ckpt_280_2941440844784' (16, 256, 512): ratio=0.258, groups=4
2026-09-26 12:32:18,469 - mneme.mneme_core - INFO - Registered 'act_ckpt_280_2941440844784'. Type: quantized_group. Addr: 7f72d372
2026-09-26 12:32:18,571 - mneme.mneme_core - INFO - Group-int8_group 'act_ckpt_281_2941440843344' (16, 256, 512): ratio=0.258, groups=4
2026-09-26 12:32:20,933 - mneme.mneme_core - INFO - Registered 'act_ckpt_281_2941440843344'. Type: quantized_group. Addr: 7f72d372
2026-09-26 12:32:21,004 - mneme.mneme_core - INFO - Group-int8_group 'act_ckpt_282_2940775294896' (16, 256, 512): ratio=0.258, groups=4
2026-09-26 12:32:23,364 - mneme.mneme_core - INFO - Registered 'act_ckpt_282_2940775294896'. Type: quantized_group. Addr: 7f72d372
2026-09-26 12:32:23,466 - mneme.mneme_core - INFO - Group-int8_group 'act_ckpt_283_2941440556592' (16, 256, 512): ratio=0.258, groups=4
2026-09-26 12:32:25,900 - mneme.mneme_core - INFO - Registered 'act_ckpt_283_2941440556592'. Type: quantized_group. Addr: 7f72d372
2026-09-26 12:32:25,997 - mneme.mneme_core - INFO - Group-int8_group 'act_ckpt_284_2941441008944' (16, 256, 512): ratio=0.258, groups=4
2026-09-26 12:32:28,460 - mneme.mneme_core - INFO - Registered 'act_ckpt_284_2941441008944'. Type: quantized_group. Addr: 7f72d372
2026-09-26 12:32:28,562 - mneme.mneme_core - INFO - Group-int8_group 'act_ckpt_285_2941441009184' (16, 256, 512): ratio=0.258, groups=4
2026-09-26 12:32:31,105 - mneme.mneme_core - INFO - Registered 'act_ckpt_285_2941441009184'. Type: quantized_group. Addr: 7f72d372
2026-09-26 12:32:31,176 - mneme.mneme_core - INFO - Group-int8_group 'act_ckpt_286_2941441007184' (16, 256, 512): ratio=0.258, groups=4
2026-09-26 12:32:33,616 - mneme.mneme_core - INFO - Registered 'act_ckpt_286_2941441007184'. Type: quantized_group. Addr: 7f72d372
2026-09-26 12:32:33,718 - mneme.mneme_core - INFO - Group-int8_group 'act_ckpt_287_2941441010944' (16, 256, 512): ratio=0.258, groups=4
2026-09-26 12:32:36,115 - mneme.mneme_core - INFO - Registered 'act_ckpt_287_2941441010944'. Type: quantized_group. Addr: 7f72d372
2026-09-26 12:32:36,187 - mneme.mneme_core - INFO - Group-int8_group 'act_ckpt_288_2941441011024' (16, 256, 512): ratio=0.258, groups=4
2026-09-26 12:32:38,602 - mneme.mneme_core - INFO - Registered 'act_ckpt_288_2941441011024'. Type: quantized_group. Addr: 7f72d372
2026-09-26 12:32:39,581 - mneme.mneme_core - INFO - Group-int8_group 'act_ckpt_289_2940775405184' (16, 256, 512): ratio=0.256, groups=4
2026-09-26 12:32:41,981 - mneme.mneme_core - INFO - Registered 'act_ckpt_289_2940775405184'. Type: quantized_group. Addr: 7f72d372
2026-09-26 12:32:42,005 - mneme.mneme_core - INFO - Group-int8_group 'act_ckpt_290_2940775410624' (16, 256, 512): ratio=0.258, groups=4
2026-09-26 12:32:44,377 - mneme.mneme_core - INFO - Registered 'act_ckpt_290_2940775410624'. Type: quantized_group. Addr: 7f72d372
2026-09-26 12:32:44,433 - mneme.mneme_core - INFO - Group-int8_group 'act_ckpt_291_2941440522544' (16, 256, 512): ratio=0.258, groups=4
2026-09-26 12:32:46,821 - mneme.mneme_core - INFO - Registered 'act_ckpt_291_2941440522544'. Type: quantized_group. Addr: 7f72d372
2026-09-26 12:32:46,923 - mneme.mneme_core - INFO - Group-int8_group 'act_ckpt_292_2941441013104' (16, 256, 512): ratio=0.258, groups=4
2026-09-26 12:32:49,293 - mneme.mneme_core - INFO - Registered 'act_ckpt_292_2941441013104'. Type: quantized_group. Addr: 7f72d372
2026-09-26 12:32:49,393 - mneme.mneme_core - INFO - Group-int8_group 'act_ckpt_293_2941441000544' (16, 256, 512): ratio=0.258, groups=4
2026-09-26 12:32:51,771 - mneme.mneme_core - INFO - Registered 'act_ckpt_293_2941441000544'. Type: quantized_group. Addr: 7f72d372
2026-09-26 12:32:51,872 - mneme.mneme_core - INFO - Group-int8_group 'act_ckpt_294_2941441007744' (16, 256, 512): ratio=0.258, groups=4
2026-09-26 12:32:54,247 - mneme.mneme_core - INFO - Registered 'act_ckpt_294_2941441007744'. Type: quantized_group. Addr: 7f72d372
2026-09-26 12:32:54,348 - mneme.mneme_core - INFO - Group-int8_group 'act_ckpt_295_2941440597504' (16, 256, 512): ratio=0.258, groups=4
2026-09-26 12:32:56,728 - mneme.mneme_core - INFO - Registered 'act_ckpt_295_2941440597504'. Type: quantized_group. Addr: 7f72d372
2026-09-26 12:32:56,828 - mneme.mneme_core - INFO - Group-int8_group 'act_ckpt_296_2941441013584' (16, 256, 512): ratio=0.258, groups=4
2026-09-26 12:32:59,206 - mneme.mneme_core - INFO - Registered 'act_ckpt_296_2941441013584'. Type: quantized_group. Addr: 7f72d372
2026-09-26 12:32:59,307 - mneme.mneme_core - INFO - Group-int8_group 'act_ckpt_297_2941441012304' (16, 256, 512): ratio=0.258, groups=4
2026-09-26 12:33:01,686 - mneme.mneme_core - INFO - Registered 'act_ckpt_297_2941441012304'. Type: quantized_group. Addr: 7f72d372
2026-09-26 12:33:01,787 - mneme.mneme_core - INFO - Group-int8_group 'act_ckpt_298_2941441129392' (16, 256, 512): ratio=0.258, groups=4
2026-09-26 12:33:04,241 - mneme.mneme_core - INFO - Registered 'act_ckpt_298_2941441129392'. Type: quantized_group. Addr: 7f72d372
2026-09-26 12:33:04,473 - mneme.mneme_core - INFO - Group-int8_group 'act_ckpt_299_2941441128592' (16, 256, 512): ratio=0.258, groups=4
2026-09-26 12:33:06,913 - mneme.mneme_core - INFO - Registered 'act_ckpt_299_2941441128592'. Type: quantized_group. Addr: 7f72d372
2026-09-26 12:33:07,015 - mneme.mneme_core - INFO - Group-int8_group 'act_ckpt_300_2941441128432' (16, 256, 512): ratio=0.258, groups=4
2026-09-26 12:33:09,463 - mneme.mneme_core - INFO - Registered 'act_ckpt_300_2941441128432'. Type: quantized_group. Addr: 7f72d372
2026-09-26 12:33:12,539 - mneme.mneme_core - INFO - Group-int8_group 'act_ckpt_301_2941440956272' (16, 256, 512): ratio=0.255, groups=4
2026-09-26 12:33:14,996 - mneme.mneme_core - INFO - Registered 'act_ckpt_301_2941440956272'. Type: quantized_group. Addr: 7f72d372
2026-09-26 12:33:15,098 - mneme.mneme_core - INFO - Group-int8_group 'act_ckpt_302_2941440950432' (16, 256, 512): ratio=0.258, groups=4
2026-09-26 12:33:17,491 - mneme.mneme_core - INFO - Registered 'act_ckpt_302_2941440950432'. Type: quantized_group. Addr: 7f72d372
2026-09-26 12:33:17,747 - mneme.mneme_core - INFO - Group-int8_group 'act_ckpt_303_2941440951552' (16, 256, 512): ratio=0.258, groups=4
2026-09-26 12:33:20,143 - mneme.mneme_core - INFO - Registered 'act_ckpt_303_2941440951552'. Type: quantized_group. Addr: 7f72d372
2026-09-26 12:33:20,243 - mneme.mneme_core - INFO - Group-int8_group 'act_ckpt_304_2941440951952' (16, 256, 512): ratio=0.258, groups=4
2026-09-26 12:33:22,679 - mneme.mneme_core - INFO - Registered 'act_ckpt_304_2941440951952'. Type: quantized_group. Addr: 7f72d372
2026-09-26 12:33:22,866 - mneme.mneme_core - INFO - Group-int8_group 'act_ckpt_305_2941440952192' (16, 256, 512): ratio=0.258, groups=4
2026-09-26 12:33:25,346 - mneme.mneme_core - INFO - Registered 'act_ckpt_305_2941440952192'. Type: quantized_group. Addr: 7f72d372
2026-09-26 12:33:25,540 - mneme.mneme_core - INFO - Group-int8_group 'act_ckpt_306_2941440953472' (16, 256, 512): ratio=0.258, groups=4
2026-09-26 12:33:28,022 - mneme.mneme_core - INFO - Registered 'act_ckpt_306_2941440953472'. Type: quantized_group. Addr: 7f72d372
2026-09-26 12:33:28,135 - mneme.mneme_core - INFO - Group-int8_group 'act_ckpt_307_2941440953712' (16, 256, 512): ratio=0.258, groups=4
2026-09-26 12:33:30,550 - mneme.mneme_core - INFO - Registered 'act_ckpt_307_2941440953712'. Type: quantized_group. Addr: 7f72d372
2026-09-26 12:33:30,766 - mneme.mneme_core - INFO - Group-int8_group 'act_ckpt_308_2941440954192' (16, 256, 512): ratio=0.258, groups=4
2026-09-26 12:33:33,195 - mneme.mneme_core - INFO - Registered 'act_ckpt_308_2941440954192'. Type: quantized_group. Addr: 7f72d372
2026-09-26 12:33:33,288 - mneme.mneme_core - INFO - Group-int8_group 'act_ckpt_309_2941440955152' (16, 256, 512): ratio=0.258, groups=4
2026-09-26 12:33:35,777 - mneme.mneme_core - INFO - Registered 'act_ckpt_309_2941440955152'. Type: quantized_group. Addr: 7f72d372
2026-09-26 12:33:36,007 - mneme.mneme_core - INFO - Group-int8_group 'act_ckpt_310_2941440955312' (16, 256, 512): ratio=0.258, groups=4
2026-09-26 12:33:38,499 - mneme.mneme_core - INFO - Registered 'act_ckpt_310_2941440955312'. Type: quantized_group. Addr: 7f72d372
2026-09-26 12:33:38,548 - mneme.mneme_core - INFO - Group-int8_group 'act_ckpt_311_2941440957792' (16, 256, 512): ratio=0.258, groups=4
2026-09-26 12:33:40,961 - mneme.mneme_core - INFO - Registered 'act_ckpt_311_2941440957792'. Type: quantized_group. Addr: 7f72d372
2026-09-26 12:33:41,012 - mneme.mneme_core - INFO - Group-int8_group 'act_ckpt_312_2941440954352' (16, 256, 512): ratio=0.258, groups=4
2026-09-26 12:33:43,415 - mneme.mneme_core - INFO - Registered 'act_ckpt_312_2941440954352'. Type: quantized_group. Addr: 7f72d372
2026-09-26 12:33:46,104 - mneme.mneme_core - INFO - Group-int8_group 'act_ckpt_313_2941441008304' (16, 256, 512): ratio=0.255, groups=4
2026-09-26 12:33:48,471 - mneme.mneme_core - INFO - Registered 'act_ckpt_313_2941441008304'. Type: quantized_group. Addr: 7f72d372
2026-09-26 12:33:48,568 - mneme.mneme_core - INFO - Group-int8_group 'act_ckpt_314_2941440593104' (16, 256, 512): ratio=0.258, groups=4
2026-09-26 12:33:50,938 - mneme.mneme_core - INFO - Registered 'act_ckpt_314_2941440593104'. Type: quantized_group. Addr: 7f72d372
2026-09-26 12:33:51,103 - mneme.mneme_core - INFO - Group-int8_group 'act_ckpt_315_2940775399584' (16, 256, 512): ratio=0.258, groups=4
2026-09-26 12:33:53,477 - mneme.mneme_core - INFO - Registered 'act_ckpt_315_2940775399584'. Type: quantized_group. Addr: 7f72d372
2026-09-26 12:33:53,569 - mneme.mneme_core - INFO - Group-int8_group 'act_ckpt_316_2941441126672' (16, 256, 512): ratio=0.258, groups=4
2026-09-26 12:33:55,938 - mneme.mneme_core - INFO - Registered 'act_ckpt_316_2941441126672'. Type: quantized_group. Addr: 7f72d372
2026-09-26 12:33:56,128 - mneme.mneme_core - INFO - Group-int8_group 'act_ckpt_317_2941441128112' (16, 256, 512): ratio=0.258, groups=4
2026-09-26 12:33:58,495 - mneme.mneme_core - INFO - Registered 'act_ckpt_317_2941441128112'. Type: quantized_group. Addr: 7f72d372
2026-09-26 12:33:58,593 - mneme.mneme_core - INFO - Group-int8_group 'act_ckpt_318_2941441125792' (16, 256, 512): ratio=0.258, groups=4
2026-09-26 12:34:00,963 - mneme.mneme_core - INFO - Registered 'act_ckpt_318_2941441125792'. Type: quantized_group. Addr: 7f72d372
2026-09-26 12:34:01,147 - mneme.mneme_core - INFO - Group-int8_group 'act_ckpt_319_2941441129952' (16, 256, 512): ratio=0.258, groups=4
2026-09-26 12:34:03,515 - mneme.mneme_core - INFO - Registered 'act_ckpt_319_2941441129952'. Type: quantized_group. Addr: 7f72d372
2026-09-26 12:34:03,721 - mneme.mneme_core - INFO - Group-int8_group 'act_ckpt_320_2941441124912' (16, 256, 512): ratio=0.258, groups=4
2026-09-26 12:34:06,087 - mneme.mneme_core - INFO - Registered 'act_ckpt_320_2941441124912'. Type: quantized_group. Addr: 7f72d372
2026-09-26 12:34:06,169 - mneme.mneme_core - INFO - Group-int8_group 'act_ckpt_321_2941441124432' (16, 256, 512): ratio=0.258, groups=4
2026-09-26 12:34:08,542 - mneme.mneme_core - INFO - Registered 'act_ckpt_321_2941441124432'. Type: quantized_group. Addr: 7f72d372
2026-09-26 12:34:08,728 - mneme.mneme_core - INFO - Group-int8_group 'act_ckpt_322_2941441124032' (16, 256, 512): ratio=0.258, groups=4
2026-09-26 12:34:11,103 - mneme.mneme_core - INFO - Registered 'act_ckpt_322_2941441124032'. Type: quantized_group. Addr: 7f72d372
2026-09-26 12:34:11,190 - mneme.mneme_core - INFO - Group-int8_group 'act_ckpt_323_2941441123312' (16, 256, 512): ratio=0.258, groups=4
2026-09-26 12:34:13,557 - mneme.mneme_core - INFO - Registered 'act_ckpt_323_2941441123312'. Type: quantized_group. Addr: 7f72d372
2026-09-26 12:34:13,764 - mneme.mneme_core - INFO - Group-int8_group 'act_ckpt_324_2941441122752' (16, 256, 512): ratio=0.258, groups=4
2026-09-26 12:34:16,140 - mneme.mneme_core - INFO - Registered 'act_ckpt_324_2941441122752'. Type: quantized_group. Addr: 7f72d372
2026-09-26 12:34:18,810 - mneme.mneme_core - INFO - Group-int8_group 'act_ckpt_325_2941440792592' (16, 256, 512): ratio=0.256, groups=4
2026-09-26 12:34:21,177 - mneme.mneme_core - INFO - Registered 'act_ckpt_325_2941440792592'. Type: quantized_group. Addr: 7f72d372
2026-09-26 12:34:21,296 - mneme.mneme_core - INFO - Group-int8_group 'act_ckpt_326_2941440794032' (16, 256, 512): ratio=0.258, groups=4
2026-09-26 12:34:23,664 - mneme.mneme_core - INFO - Registered 'act_ckpt_326_2941440794032'. Type: quantized_group. Addr: 7f72d372
2026-09-26 12:34:23,899 - mneme.mneme_core - INFO - Group-int8_group 'act_ckpt_327_2941440794352' (16, 256, 512): ratio=0.258, groups=4
2026-09-26 12:34:26,272 - mneme.mneme_core - INFO - Registered 'act_ckpt_327_2941440794352'. Type: quantized_group. Addr: 7f72d372
2026-09-26 12:34:26,450 - mneme.mneme_core - INFO - Group-int8_group 'act_ckpt_328_2941440792192' (16, 256, 512): ratio=0.258, groups=4
2026-09-26 12:34:28,823 - mneme.mneme_core - INFO - Registered 'act_ckpt_328_2941440792192'. Type: quantized_group. Addr: 7f72d372
2026-09-26 12:34:29,082 - mneme.mneme_core - INFO - Group-int8_group 'act_ckpt_329_2941440795552' (16, 256, 512): ratio=0.258, groups=4
2026-09-26 12:34:31,447 - mneme.mneme_core - INFO - Registered 'act_ckpt_329_2941440795552'. Type: quantized_group. Addr: 7f72d372
2026-09-26 12:34:31,567 - mneme.mneme_core - INFO - Group-int8_group 'act_ckpt_330_2941440793712' (16, 256, 512): ratio=0.258, groups=4
2026-09-26 12:34:33,944 - mneme.mneme_core - INFO - Registered 'act_ckpt_330_2941440793712'. Type: quantized_group. Addr: 7f72d372
2026-09-26 12:34:34,150 - mneme.mneme_core - INFO - Group-int8_group 'act_ckpt_331_2941440795872' (16, 256, 512): ratio=0.258, groups=4
2026-09-26 12:34:36,513 - mneme.mneme_core - INFO - Registered 'act_ckpt_331_2941440795872'. Type: quantized_group. Addr: 7f72d372
2026-09-26 12:34:36,632 - mneme.mneme_core - INFO - Group-int8_group 'act_ckpt_332_2941440796912' (16, 256, 512): ratio=0.258, groups=4
2026-09-26 12:34:39,013 - mneme.mneme_core - INFO - Registered 'act_ckpt_332_2941440796912'. Type: quantized_group. Addr: 7f72d372
2026-09-26 12:34:39,259 - mneme.mneme_core - INFO - Group-int8_group 'act_ckpt_333_2941440796352' (16, 256, 512): ratio=0.258, groups=4
2026-09-26 12:34:41,639 - mneme.mneme_core - INFO - Registered 'act_ckpt_333_2941440796352'. Type: quantized_group. Addr: 7f72d372
2026-09-26 12:34:41,756 - mneme.mneme_core - INFO - Group-int8_group 'act_ckpt_334_2941440797552' (16, 256, 512): ratio=0.258, groups=4
2026-09-26 12:34:44,127 - mneme.mneme_core - INFO - Registered 'act_ckpt_334_2941440797552'. Type: quantized_group. Addr: 7f72d372
2026-09-26 12:34:44,339 - mneme.mneme_core - INFO - Group-int8_group 'act_ckpt_335_2941440794752' (16, 256, 512): ratio=0.258, groups=4
2026-09-26 12:34:46,703 - mneme.mneme_core - INFO - Registered 'act_ckpt_335_2941440794752'. Type: quantized_group. Addr: 7f72d372
2026-09-26 12:34:46,821 - mneme.mneme_core - INFO - Group-int8_group 'act_ckpt_336_2941440791952' (16, 256, 512): ratio=0.258, groups=4
2026-09-26 12:34:49,186 - mneme.mneme_core - INFO - Registered 'act_ckpt_336_2941440791952'. Type: quantized_group. Addr: 7f72d372
2026-09-26 12:34:51,431 - mneme.mneme_core - INFO - Group-int8_group 'act_ckpt_337_2940775474000' (16, 256, 512): ratio=0.256, groups=4
2026-09-26 12:34:53,803 - mneme.mneme_core - INFO - Registered 'act_ckpt_337_2940775474000'. Type: quantized_group. Addr: 7f72d372
2026-09-26 12:34:53,891 - mneme.mneme_core - INFO - Group-int8_group 'act_ckpt_338_2940775472320' (16, 256, 512): ratio=0.258, groups=4
2026-09-26 12:34:56,260 - mneme.mneme_core - INFO - Registered 'act_ckpt_338_2940775472320'. Type: quantized_group. Addr: 7f72d372
2026-09-26 12:34:56,443 - mneme.mneme_core - INFO - Group-int8_group 'act_ckpt_339_2940775476160' (16, 256, 512): ratio=0.258, groups=4
2026-09-26 12:34:58,811 - mneme.mneme_core - INFO - Registered 'act_ckpt_339_2940775476160'. Type: quantized_group. Addr: 7f72d372
2026-09-26 12:34:58,904 - mneme.mneme_core - INFO - Group-int8_group 'act_ckpt_340_2940774979440' (16, 256, 512): ratio=0.258, groups=4
2026-09-26 12:35:01,268 - mneme.mneme_core - INFO - Registered 'act_ckpt_340_2940774979440'. Type: quantized_group. Addr: 7f72d372
2026-09-26 12:35:01,464 - mneme.mneme_core - INFO - Group-int8_group 'act_ckpt_341_2940775475520' (16, 256, 512): ratio=0.258, groups=4
2026-09-26 12:35:03,842 - mneme.mneme_core - INFO - Registered 'act_ckpt_341_2940775475520'. Type: quantized_group. Addr: 7f72d372
2026-09-26 12:35:03,934 - mneme.mneme_core - INFO - Group-int8_group 'act_ckpt_342_2940775160464' (16, 256, 512): ratio=0.258, groups=4
2026-09-26 12:35:06,297 - mneme.mneme_core - INFO - Registered 'act_ckpt_342_2940775160464'. Type: quantized_group. Addr: 7f72d372
2026-09-26 12:35:06,493 - mneme.mneme_core - INFO - Group-int8_group 'act_ckpt_343_2941440617808' (16, 256, 512): ratio=0.258, groups=4
2026-09-26 12:35:08,873 - mneme.mneme_core - INFO - Registered 'act_ckpt_343_2941440617808'. Type: quantized_group. Addr: 7f72d372
2026-09-26 12:35:08,960 - mneme.mneme_core - INFO - Group-int8_group 'act_ckpt_344_2941440614848' (16, 256, 512): ratio=0.258, groups=4
2026-09-26 12:35:11,332 - mneme.mneme_core - INFO - Registered 'act_ckpt_344_2941440614848'. Type: quantized_group. Addr: 7f72d372
2026-09-26 12:35:11,508 - mneme.mneme_core - INFO - Group-int8_group 'act_ckpt_345_2941440612208' (16, 256, 512): ratio=0.258, groups=4
2026-09-26 12:35:13,874 - mneme.mneme_core - INFO - Registered 'act_ckpt_345_2941440612208'. Type: quantized_group. Addr: 7f72d372
2026-09-26 12:35:13,967 - mneme.mneme_core - INFO - Group-int8_group 'act_ckpt_346_2941440612048' (16, 256, 512): ratio=0.258, groups=4
2026-09-26 12:35:16,335 - mneme.mneme_core - INFO - Registered 'act_ckpt_346_2941440612048'. Type: quantized_group. Addr: 7f72d372
2026-09-26 12:35:16,534 - mneme.mneme_core - INFO - Group-int8_group 'act_ckpt_347_2941440611648' (16, 256, 512): ratio=0.258, groups=4
2026-09-26 12:35:18,905 - mneme.mneme_core - INFO - Registered 'act_ckpt_347_2941440611648'. Type: quantized_group. Addr: 7f72d372
2026-09-26 12:35:19,103 - mneme.mneme_core - INFO - Group-int8_group 'act_ckpt_348_2941440610768' (16, 256, 512): ratio=0.258, groups=4
2026-09-26 12:35:21,494 - mneme.mneme_core - INFO - Registered 'act_ckpt_348_2941440610768'. Type: quantized_group. Addr: 7f72d372
2026-09-26 12:35:26,254 - mneme.mneme_core - INFO - Group-int8_group 'act_ckpt_349_2941441334384' (16, 256, 512): ratio=0.256, groups=4
2026-09-26 12:35:28,719 - mneme.mneme_core - INFO - Registered 'act_ckpt_349_2941441334384'. Type: quantized_group. Addr: 7f72d372
2026-09-26 12:35:28,901 - mneme.mneme_core - INFO - Group-int8_group 'act_ckpt_350_2941441335664' (16, 256, 512): ratio=0.258, groups=4
2026-09-26 12:35:31,290 - mneme.mneme_core - INFO - Registered 'act_ckpt_350_2941441335664'. Type: quantized_group. Addr: 7f72d372
2026-09-26 12:35:31,473 - mneme.mneme_core - INFO - Group-int8_group 'act_ckpt_351_2941441336144' (16, 256, 512): ratio=0.258, groups=4
2026-09-26 12:35:33,973 - mneme.mneme_core - INFO - Registered 'act_ckpt_351_2941441336144'. Type: quantized_group. Addr: 7f72d372
2026-09-26 12:35:34,147 - mneme.mneme_core - INFO - Group-int8_group 'act_ckpt_352_2941441336624' (16, 256, 512): ratio=0.258, groups=4
2026-09-26 12:35:37,419 - mneme.mneme_core - INFO - Registered 'act_ckpt_352_2941441336624'. Type: quantized_group. Addr: 7f72d372
2026-09-26 12:35:37,725 - mneme.mneme_core - INFO - Group-int8_group 'act_ckpt_353_2941441337184' (16, 256, 512): ratio=0.258, groups=4
2026-09-26 12:35:41,479 - mneme.mneme_core - INFO - Registered 'act_ckpt_353_2941441337184'. Type: quantized_group. Addr: 7f72d372
2026-09-26 12:35:41,576 - mneme.mneme_core - INFO - Group-int8_group 'act_ckpt_354_2941441337744' (16, 256, 512): ratio=0.258, groups=4
2026-09-26 12:35:44,971 - mneme.mneme_core - INFO - Registered 'act_ckpt_354_2941441337744'. Type: quantized_group. Addr: 7f72d372
2026-09-26 12:35:45,147 - mneme.mneme_core - INFO - Group-int8_group 'act_ckpt_355_2941441338384' (16, 256, 512): ratio=0.258, groups=4
2026-09-26 12:35:48,068 - mneme.mneme_core - INFO - Registered 'act_ckpt_355_2941441338384'. Type: quantized_group. Addr: 7f72d372
2026-09-26 12:35:48,340 - mneme.mneme_core - INFO - Group-int8_group 'act_ckpt_356_2941441338944' (16, 256, 512): ratio=0.258, groups=4
2026-09-26 12:35:51,570 - mneme.mneme_core - INFO - Registered 'act_ckpt_356_2941441338944'. Type: quantized_group. Addr: 7f72d372
2026-09-26 12:35:51,922 - mneme.mneme_core - INFO - Group-int8_group 'act_ckpt_357_2941441339104' (16, 256, 512): ratio=0.258, groups=4
2026-09-26 12:35:54,531 - mneme.mneme_core - INFO - Registered 'act_ckpt_357_2941441339104'. Type: quantized_group. Addr: 7f72d372
2026-09-26 12:35:54,713 - mneme.mneme_core - INFO - Group-int8_group 'act_ckpt_358_2941441339824' (16, 256, 512): ratio=0.258, groups=4
2026-09-26 12:35:57,107 - mneme.mneme_core - INFO - Registered 'act_ckpt_358_2941441339824'. Type: quantized_group. Addr: 7f72d372
2026-09-26 12:35:57,351 - mneme.mneme_core - INFO - Group-int8_group 'act_ckpt_359_2941441340384' (16, 256, 512): ratio=0.258, groups=4
2026-09-26 12:35:59,738 - mneme.mneme_core - INFO - Registered 'act_ckpt_359_2941441340384'. Type: quantized_group. Addr: 7f72d372
2026-09-26 12:35:59,914 - mneme.mneme_core - INFO - Group-int8_group 'act_ckpt_360_2941441340544' (16, 256, 512): ratio=0.258, groups=4
2026-09-26 12:36:02,495 - mneme.mneme_core - INFO - Registered 'act_ckpt_360_2941441340544'. Type: quantized_group. Addr: 7f72d372
2026-09-26 12:36:08,512 - mneme.mneme_core - INFO - Group-int8_group 'act_ckpt_361_2941441150400' (16, 256, 512): ratio=0.256, groups=4
2026-09-26 12:36:11,966 - mneme.mneme_core - INFO - Registered 'act_ckpt_361_2941441150400'. Type: quantized_group. Addr: 7f72d372
2026-09-26 12:36:12,244 - mneme.mneme_core - INFO - Group-int8_group 'act_ckpt_362_2941441149120' (16, 256, 512): ratio=0.258, groups=4
2026-09-26 12:36:14,620 - mneme.mneme_core - INFO - Registered 'act_ckpt_362_2941441149120'. Type: quantized_group. Addr: 7f72d372
2026-09-26 12:36:14,758 - mneme.mneme_core - INFO - Group-int8_group 'act_ckpt_363_2941441148160' (16, 256, 512): ratio=0.258, groups=4
2026-09-26 12:36:17,992 - mneme.mneme_core - INFO - Registered 'act_ckpt_363_2941441148160'. Type: quantized_group. Addr: 7f72d372
2026-09-26 12:36:18,269 - mneme.mneme_core - INFO - Group-int8_group 'act_ckpt_364_2941441147280' (16, 256, 512): ratio=0.258, groups=4
2026-09-26 12:36:20,661 - mneme.mneme_core - INFO - Registered 'act_ckpt_364_2941441147280'. Type: quantized_group. Addr: 7f72d372
2026-09-26 12:36:20,799 - mneme.mneme_core - INFO - Group-int8_group 'act_ckpt_365_2941441147120' (16, 256, 512): ratio=0.258, groups=4
2026-09-26 12:36:23,229 - mneme.mneme_core - INFO - Registered 'act_ckpt_365_2941441147120'. Type: quantized_group. Addr: 7f72d372
2026-09-26 12:36:23,509 - mneme.mneme_core - INFO - Group-int8_group 'act_ckpt_366_2941441159360' (16, 256, 512): ratio=0.258, groups=4
2026-09-26 12:36:25,994 - mneme.mneme_core - INFO - Registered 'act_ckpt_366_2941441159360'. Type: quantized_group. Addr: 7f72d372
2026-09-26 12:36:26,133 - mneme.mneme_core - INFO - Group-int8_group 'act_ckpt_367_2941441147680' (16, 256, 512): ratio=0.258, groups=4
2026-09-26 12:36:29,181 - mneme.mneme_core - INFO - Registered 'act_ckpt_367_2941441147680'. Type: quantized_group. Addr: 7f72d372
2026-09-26 12:36:29,462 - mneme.mneme_core - INFO - Group-int8_group 'act_ckpt_368_2940775367776' (16, 256, 512): ratio=0.258, groups=4
2026-09-26 12:36:31,836 - mneme.mneme_core - INFO - Registered 'act_ckpt_368_2940775367776'. Type: quantized_group. Addr: 7f72d372
2026-09-26 12:36:31,975 - mneme.mneme_core - INFO - Group-int8_group 'act_ckpt_369_2940775382496' (16, 256, 512): ratio=0.258, groups=4
2026-09-26 12:36:34,826 - mneme.mneme_core - INFO - Registered 'act_ckpt_369_2940775382496'. Type: quantized_group. Addr: 7f72d372
2026-09-26 12:36:35,104 - mneme.mneme_core - INFO - Group-int8_group 'act_ckpt_370_2940775382896' (16, 256, 512): ratio=0.258, groups=4
2026-09-26 12:36:37,780 - mneme.mneme_core - INFO - Registered 'act_ckpt_370_2940775382896'. Type: quantized_group. Addr: 7f72d372
2026-09-26 12:36:38,060 - mneme.mneme_core - INFO - Group-int8_group 'act_ckpt_371_2940775151600' (16, 256, 512): ratio=0.258, groups=4
2026-09-26 12:36:40,447 - mneme.mneme_core - INFO - Registered 'act_ckpt_371_2940775151600'. Type: quantized_group. Addr: 7f72d372
2026-09-26 12:36:40,587 - mneme.mneme_core - INFO - Group-int8_group 'act_ckpt_372_2940775474560' (16, 256, 512): ratio=0.258, groups=4
2026-09-26 12:36:43,815 - mneme.mneme_core - INFO - Registered 'act_ckpt_372_2940775474560'. Type: quantized_group. Addr: 7f72d372
2026-09-26 12:36:47,431 - mneme.mneme_core - INFO - Group-int8_group 'act_ckpt_373_2941441341264' (16, 256, 512): ratio=0.255, groups=4
2026-09-26 12:36:49,883 - mneme.mneme_core - INFO - Registered 'act_ckpt_373_2941441341264'. Type: quantized_group. Addr: 7f72d372
2026-09-26 12:36:50,061 - mneme.mneme_core - INFO - Group-int8_group 'act_ckpt_374_2941441337424' (16, 256, 512): ratio=0.258, groups=4
2026-09-26 12:36:52,494 - mneme.mneme_core - INFO - Registered 'act_ckpt_374_2941441337424'. Type: quantized_group. Addr: 7f72d372
2026-09-26 12:36:52,670 - mneme.mneme_core - INFO - Group-int8_group 'act_ckpt_375_2941441335504' (16, 256, 512): ratio=0.258, groups=4
2026-09-26 12:36:55,111 - mneme.mneme_core - INFO - Registered 'act_ckpt_375_2941441335504'. Type: quantized_group. Addr: 7f72d372
2026-09-26 12:36:55,379 - mneme.mneme_core - INFO - Group-int8_group 'act_ckpt_376_2941441339744' (16, 256, 512): ratio=0.258, groups=4
2026-09-26 12:36:57,816 - mneme.mneme_core - INFO - Registered 'act_ckpt_376_2941441339744'. Type: quantized_group. Addr: 7f72d372
2026-09-26 12:36:58,105 - mneme.mneme_core - INFO - Group-int8_group 'act_ckpt_377_2941441007744' (16, 256, 512): ratio=0.258, groups=4
2026-09-26 12:37:00,586 - mneme.mneme_core - INFO - Registered 'act_ckpt_377_2941441007744'. Type: quantized_group. Addr: 7f72d372
2026-09-26 12:37:00,768 - mneme.mneme_core - INFO - Group-int8_group 'act_ckpt_378_2941440844624' (16, 256, 512): ratio=0.258, groups=4
2026-09-26 12:37:03,242 - mneme.mneme_core - INFO - Registered 'act_ckpt_378_2941440844624'. Type: quantized_group. Addr: 7f72d372
2026-09-26 12:37:03,518 - mneme.mneme_core - INFO - Group-int8_group 'act_ckpt_379_2941440836304' (16, 256, 512): ratio=0.258, groups=4
2026-09-26 12:37:06,142 - mneme.mneme_core - INFO - Registered 'act_ckpt_379_2941440836304'. Type: quantized_group. Addr: 7f72d372
2026-09-26 12:37:06,368 - mneme.mneme_core - INFO - Group-int8_group 'act_ckpt_380_2941440851184' (16, 256, 512): ratio=0.258, groups=4
2026-09-26 12:37:08,953 - mneme.mneme_core - INFO - Registered 'act_ckpt_380_2941440851184'. Type: quantized_group. Addr: 7f72d372
2026-09-26 12:37:09,299 - mneme.mneme_core - INFO - Group-int8_group 'act_ckpt_381_2941440849184' (16, 256, 512): ratio=0.258, groups=4
2026-09-26 12:37:11,897 - mneme.mneme_core - INFO - Registered 'act_ckpt_381_2941440849184'. Type: quantized_group. Addr: 7f72d372
2026-09-26 12:37:12,135 - mneme.mneme_core - INFO - Group-int8_group 'act_ckpt_382_2941440789312' (16, 256, 512): ratio=0.258, groups=4
2026-09-26 12:37:15,292 - mneme.mneme_core - INFO - Registered 'act_ckpt_382_2941440789312'. Type: quantized_group. Addr: 7f72d372
2026-09-26 12:37:15,536 - mneme.mneme_core - INFO - Group-int8_group 'act_ckpt_383_2941440796032' (16, 256, 512): ratio=0.258, groups=4
2026-09-26 12:37:18,317 - mneme.mneme_core - INFO - Registered 'act_ckpt_383_2941440796032'. Type: quantized_group. Addr: 7f72d372
2026-09-26 12:37:18,496 - mneme.mneme_core - INFO - Group-int8_group 'act_ckpt_384_2941440793792' (16, 256, 512): ratio=0.258, groups=4
2026-09-26 12:37:21,080 - mneme.mneme_core - INFO - Registered 'act_ckpt_384_2941440793792'. Type: quantized_group. Addr: 7f72d372
2026-09-26 12:37:23,633 - mneme.mneme_core - INFO - Group-int8_group 'act_ckpt_385_2940775178608' (16, 256, 512): ratio=0.256, groups=4
2026-09-26 12:37:26,211 - mneme.mneme_core - INFO - Registered 'act_ckpt_385_2940775178608'. Type: quantized_group. Addr: 7f72d372
2026-09-26 12:37:26,376 - mneme.mneme_core - INFO - Group-int8_group 'act_ckpt_386_2940775180368' (16, 256, 512): ratio=0.258, groups=4
2026-09-26 12:37:28,954 - mneme.mneme_core - INFO - Registered 'act_ckpt_386_2940775180368'. Type: quantized_group. Addr: 7f72d372
2026-09-26 12:37:29,281 - mneme.mneme_core - INFO - Group-int8_group 'act_ckpt_387_2940775178848' (16, 256, 512): ratio=0.258, groups=4
2026-09-26 12:37:31,857 - mneme.mneme_core - INFO - Registered 'act_ckpt_387_2940775178848'. Type: quantized_group. Addr: 7f72d372
2026-09-26 12:37:32,115 - mneme.mneme_core - INFO - Group-int8_group 'act_ckpt_388_2940775178368' (16, 256, 512): ratio=0.258, groups=4
2026-09-26 12:37:34,698 - mneme.mneme_core - INFO - Registered 'act_ckpt_388_2940775178368'. Type: quantized_group. Addr: 7f72d372
2026-09-26 12:37:34,862 - mneme.mneme_core - INFO - Group-int8_group 'act_ckpt_389_2940775165024' (16, 256, 512): ratio=0.258, groups=4
2026-09-26 12:37:37,452 - mneme.mneme_core - INFO - Registered 'act_ckpt_389_2940775165024'. Type: quantized_group. Addr: 7f72d372
2026-09-26 12:37:37,713 - mneme.mneme_core - INFO - Group-int8_group 'act_ckpt_390_2940775169904' (16, 256, 512): ratio=0.258, groups=4
2026-09-26 12:37:40,285 - mneme.mneme_core - INFO - Registered 'act_ckpt_390_2940775169904'. Type: quantized_group. Addr: 7f72d372
2026-09-26 12:37:40,450 - mneme.mneme_core - INFO - Group-int8_group 'act_ckpt_391_2940775155504' (16, 256, 512): ratio=0.258, groups=4
2026-09-26 12:37:43,053 - mneme.mneme_core - INFO - Registered 'act_ckpt_391_2940775155504'. Type: quantized_group. Addr: 7f72d372
2026-09-26 12:37:43,310 - mneme.mneme_core - INFO - Group-int8_group 'act_ckpt_392_2940775161264' (16, 256, 512): ratio=0.258, groups=4
2026-09-26 12:37:45,907 - mneme.mneme_core - INFO - Registered 'act_ckpt_392_2940775161264'. Type: quantized_group. Addr: 7f72d372
2026-09-26 12:37:46,071 - mneme.mneme_core - INFO - Group-int8_group 'act_ckpt_393_2940775156624' (16, 256, 512): ratio=0.258, groups=4
2026-09-26 12:37:48,658 - mneme.mneme_core - INFO - Registered 'act_ckpt_393_2940775156624'. Type: quantized_group. Addr: 7f72d372
2026-09-26 12:37:48,906 - mneme.mneme_core - INFO - Group-int8_group 'act_ckpt_394_2940775167824' (16, 256, 512): ratio=0.258, groups=4
2026-09-26 12:37:51,497 - mneme.mneme_core - INFO - Registered 'act_ckpt_394_2940775167824'. Type: quantized_group. Addr: 7f72d372
2026-09-26 12:37:51,662 - mneme.mneme_core - INFO - Group-int8_group 'act_ckpt_395_2940775154384' (16, 256, 512): ratio=0.258, groups=4
2026-09-26 12:37:54,258 - mneme.mneme_core - INFO - Registered 'act_ckpt_395_2940775154384'. Type: quantized_group. Addr: 7f72d372
2026-09-26 12:37:54,510 - mneme.mneme_core - INFO - Group-int8_group 'act_ckpt_396_2941440965232' (16, 256, 512): ratio=0.258, groups=4
2026-09-26 12:37:57,095 - mneme.mneme_core - INFO - Registered 'act_ckpt_396_2941440965232'. Type: quantized_group. Addr: 7f72d372
2026-09-26 12:38:00,154 - mneme.mneme_core - INFO - Group-int8_group 'act_ckpt_397_2940775412944' (16, 256, 512): ratio=0.256, groups=4
2026-09-26 12:38:02,754 - mneme.mneme_core - INFO - Registered 'act_ckpt_397_2940775412944'. Type: quantized_group. Addr: 7f72d372
2026-09-26 12:38:02,845 - mneme.mneme_core - INFO - Group-int8_group 'act_ckpt_398_2941440597504' (16, 256, 512): ratio=0.258, groups=4
2026-09-26 12:38:05,447 - mneme.mneme_core - INFO - Registered 'act_ckpt_398_2941440597504'. Type: quantized_group. Addr: 7f72d372
2026-09-26 12:38:05,714 - mneme.mneme_core - INFO - Group-int8_group 'act_ckpt_399_2941441335584' (16, 256, 512): ratio=0.258, groups=4
2026-09-26 12:38:08,295 - mneme.mneme_core - INFO - Registered 'act_ckpt_399_2941441335584'. Type: quantized_group. Addr: 7f72d372
2026-09-26 12:38:08,469 - mneme.mneme_core - INFO - Group-int8_group 'act_ckpt_400_2941440495840' (16, 256, 512): ratio=0.258, groups=4
2026-09-26 12:38:11,063 - mneme.mneme_core - INFO - Registered 'act_ckpt_400_2941440495840'. Type: quantized_group. Addr: 7f72d372
2026-09-26 12:38:11,330 - mneme.mneme_core - INFO - Group-int8_group 'act_ckpt_401_2941440616048' (16, 256, 512): ratio=0.258, groups=4
2026-09-26 12:38:13,817 - mneme.mneme_core - INFO - Registered 'act_ckpt_401_2941440616048'. Type: quantized_group. Addr: 7f72d372
2026-09-26 12:38:13,993 - mneme.mneme_core - INFO - Group-int8_group 'act_ckpt_402_2941440615408' (16, 256, 512): ratio=0.258, groups=4
2026-09-26 12:38:16,553 - mneme.mneme_core - INFO - Registered 'act_ckpt_402_2941440615408'. Type: quantized_group. Addr: 7f72d372
2026-09-26 12:38:16,790 - mneme.mneme_core - INFO - Group-int8_group 'act_ckpt_403_2941440613168' (16, 256, 512): ratio=0.258, groups=4
2026-09-26 12:38:19,380 - mneme.mneme_core - INFO - Registered 'act_ckpt_403_2941440613168'. Type: quantized_group. Addr: 7f72d372
2026-09-26 12:38:19,555 - mneme.mneme_core - INFO - Group-int8_group 'act_ckpt_404_2941440610608' (16, 256, 512): ratio=0.258, groups=4
2026-09-26 12:38:22,123 - mneme.mneme_core - INFO - Registered 'act_ckpt_404_2941440610608'. Type: quantized_group. Addr: 7f72d372
2026-09-26 12:38:22,468 - mneme.mneme_core - INFO - Group-int8_group 'act_ckpt_405_2941440621968' (16, 256, 512): ratio=0.258, groups=4
2026-09-26 12:38:25,052 - mneme.mneme_core - INFO - Registered 'act_ckpt_405_2941440621968'. Type: quantized_group. Addr: 7f72d372
2026-09-26 12:38:25,315 - mneme.mneme_core - INFO - Group-int8_group 'act_ckpt_406_2941440966032' (16, 256, 512): ratio=0.258, groups=4
2026-09-26 12:38:27,902 - mneme.mneme_core - INFO - Registered 'act_ckpt_406_2941440966032'. Type: quantized_group. Addr: 7f72d372
2026-09-26 12:38:28,082 - mneme.mneme_core - INFO - Group-int8_group 'act_ckpt_407_2941440965072' (16, 256, 512): ratio=0.258, groups=4
2026-09-26 12:38:30,662 - mneme.mneme_core - INFO - Registered 'act_ckpt_407_2941440965072'. Type: quantized_group. Addr: 7f72d372
2026-09-26 12:38:30,924 - mneme.mneme_core - INFO - Group-int8_group 'act_ckpt_408_2941440962272' (16, 256, 512): ratio=0.258, groups=4
2026-09-26 12:38:33,507 - mneme.mneme_core - INFO - Registered 'act_ckpt_408_2941440962272'. Type: quantized_group. Addr: 7f72d372
2026-09-26 12:38:34,764 - mneme.mneme_core - INFO - Group-int8_group 'act_ckpt_409_2941441365792' (16, 256, 512): ratio=0.256, groups=4
2026-09-26 12:38:37,342 - mneme.mneme_core - INFO - Registered 'act_ckpt_409_2941441365792'. Type: quantized_group. Addr: 7f72d372
2026-09-26 12:38:37,421 - mneme.mneme_core - INFO - Group-int8_group 'act_ckpt_410_2941441364272' (16, 256, 512): ratio=0.258, groups=4
2026-09-26 12:38:39,999 - mneme.mneme_core - INFO - Registered 'act_ckpt_410_2941441364272'. Type: quantized_group. Addr: 7f72d372
2026-09-26 12:38:40,260 - mneme.mneme_core - INFO - Group-int8_group 'act_ckpt_411_2941441363872' (16, 256, 512): ratio=0.258, groups=4
2026-09-26 12:38:42,895 - mneme.mneme_core - INFO - Registered 'act_ckpt_411_2941441363872'. Type: quantized_group. Addr: 7f72d372
2026-09-26 12:38:43,047 - mneme.mneme_core - INFO - Group-int8_group 'act_ckpt_412_2941441363632' (16, 256, 512): ratio=0.258, groups=4
2026-09-26 12:38:45,636 - mneme.mneme_core - INFO - Registered 'act_ckpt_412_2941441363632'. Type: quantized_group. Addr: 7f72d372
2026-09-26 12:38:45,876 - mneme.mneme_core - INFO - Group-int8_group 'act_ckpt_413_2941441363312' (16, 256, 512): ratio=0.258, groups=4
2026-09-26 12:38:48,481 - mneme.mneme_core - INFO - Registered 'act_ckpt_413_2941441363312'. Type: quantized_group. Addr: 7f72d372
2026-09-26 12:38:48,723 - mneme.mneme_core - INFO - Group-int8_group 'act_ckpt_414_2941441361872' (16, 256, 512): ratio=0.258, groups=4
2026-09-26 12:38:51,429 - mneme.mneme_core - INFO - Registered 'act_ckpt_414_2941441361872'. Type: quantized_group. Addr: 7f72d372
2026-09-26 12:38:51,668 - mneme.mneme_core - INFO - Group-int8_group 'act_ckpt_415_2941441361312' (16, 256, 512): ratio=0.258, groups=4
2026-09-26 12:38:54,472 - mneme.mneme_core - INFO - Registered 'act_ckpt_415_2941441361312'. Type: quantized_group. Addr: 7f72d372
2026-09-26 12:38:54,634 - mneme.mneme_core - INFO - Group-int8_group 'act_ckpt_416_2941441360272' (16, 256, 512): ratio=0.258, groups=4
2026-09-26 12:38:57,451 - mneme.mneme_core - INFO - Registered 'act_ckpt_416_2941441360272'. Type: quantized_group. Addr: 7f72d372
2026-09-26 12:38:57,679 - mneme.mneme_core - INFO - Group-int8_group 'act_ckpt_417_2941441372032' (16, 256, 512): ratio=0.258, groups=4
2026-09-26 12:39:00,286 - mneme.mneme_core - INFO - Registered 'act_ckpt_417_2941441372032'. Type: quantized_group. Addr: 7f72d372
2026-09-26 12:39:00,436 - mneme.mneme_core - INFO - Group-int8_group 'act_ckpt_418_2941441372512' (16, 256, 512): ratio=0.258, groups=4
2026-09-26 12:39:03,102 - mneme.mneme_core - INFO - Registered 'act_ckpt_418_2941441372512'. Type: quantized_group. Addr: 7f72d372
2026-09-26 12:39:03,289 - mneme.mneme_core - INFO - Group-int8_group 'act_ckpt_419_2941441372672' (16, 256, 512): ratio=0.258, groups=4
2026-09-26 12:39:05,998 - mneme.mneme_core - INFO - Registered 'act_ckpt_419_2941441372672'. Type: quantized_group. Addr: 7f72d372
2026-09-26 12:39:06,349 - mneme.mneme_core - INFO - Group-int8_group 'act_ckpt_420_2941441373552' (16, 256, 512): ratio=0.258, groups=4
2026-09-26 12:39:09,160 - mneme.mneme_core - INFO - Registered 'act_ckpt_420_2941441373552'. Type: quantized_group. Addr: 7f72d372
2026-09-26 12:39:11,621 - mneme.mneme_core - INFO - Group-int8_group 'act_ckpt_421_2941441193648' (16, 256, 512): ratio=0.256, groups=4
2026-09-26 12:39:14,297 - mneme.mneme_core - INFO - Registered 'act_ckpt_421_2941441193648'. Type: quantized_group. Addr: 7f72d372
2026-09-26 12:39:14,424 - mneme.mneme_core - INFO - Group-int8_group 'act_ckpt_422_2941441185408' (16, 256, 512): ratio=0.258, groups=4
2026-09-26 12:39:17,011 - mneme.mneme_core - INFO - Registered 'act_ckpt_422_2941441185408'. Type: quantized_group. Addr: 7f72d372
2026-09-26 12:39:17,265 - mneme.mneme_core - INFO - Group-int8_group 'act_ckpt_423_2941441187408' (16, 256, 512): ratio=0.258, groups=4
2026-09-26 12:39:19,675 - mneme.mneme_core - INFO - Registered 'act_ckpt_423_2941441187408'. Type: quantized_group. Addr: 7f72d372
2026-09-26 12:39:19,812 - mneme.mneme_core - INFO - Group-int8_group 'act_ckpt_424_2941441185728' (16, 256, 512): ratio=0.258, groups=4
2026-09-26 12:39:22,233 - mneme.mneme_core - INFO - Registered 'act_ckpt_424_2941441185728'. Type: quantized_group. Addr: 7f72d372
2026-09-26 12:39:22,474 - mneme.mneme_core - INFO - Group-int8_group 'act_ckpt_425_2941441187248' (16, 256, 512): ratio=0.258, groups=4
2026-09-26 12:39:24,878 - mneme.mneme_core - INFO - Registered 'act_ckpt_425_2941441187248'. Type: quantized_group. Addr: 7f72d372
2026-09-26 12:39:25,016 - mneme.mneme_core - INFO - Group-int8_group 'act_ckpt_426_2941441185808' (16, 256, 512): ratio=0.258, groups=4
2026-09-26 12:39:27,438 - mneme.mneme_core - INFO - Registered 'act_ckpt_426_2941441185808'. Type: quantized_group. Addr: 7f72d372
2026-09-26 12:39:27,680 - mneme.mneme_core - INFO - Group-int8_group 'act_ckpt_427_2941441184368' (16, 256, 512): ratio=0.258, groups=4
2026-09-26 12:39:30,090 - mneme.mneme_core - INFO - Registered 'act_ckpt_427_2941441184368'. Type: quantized_group. Addr: 7f72d372
2026-09-26 12:39:30,198 - mneme.mneme_core - INFO - Group-int8_group 'act_ckpt_428_2941441184128' (16, 256, 512): ratio=0.258, groups=4
2026-09-26 12:39:32,644 - mneme.mneme_core - INFO - Registered 'act_ckpt_428_2941441184128'. Type: quantized_group. Addr: 7f72d372
2026-09-26 12:39:32,817 - mneme.mneme_core - INFO - Group-int8_group 'act_ckpt_429_2941441183328' (16, 256, 512): ratio=0.258, groups=4
2026-09-26 12:39:35,329 - mneme.mneme_core - INFO - Registered 'act_ckpt_429_2941441183328'. Type: quantized_group. Addr: 7f72d372
2026-09-26 12:39:35,362 - mneme.mneme_core - INFO - Group-int8_group 'act_ckpt_430_2941441182368' (16, 256, 512): ratio=0.258, groups=4
2026-09-26 12:39:37,804 - mneme.mneme_core - INFO - Registered 'act_ckpt_430_2941441182368'. Type: quantized_group. Addr: 7f72d372
2026-09-26 12:39:37,898 - mneme.mneme_core - INFO - Group-int8_group 'act_ckpt_431_2941441193408' (16, 256, 512): ratio=0.258, groups=4
2026-09-26 12:39:40,326 - mneme.mneme_core - INFO - Registered 'act_ckpt_431_2941441193408'. Type: quantized_group. Addr: 7f72d372
2026-09-26 12:39:40,493 - mneme.mneme_core - INFO - Group-int8_group 'act_ckpt_432_2941441182608' (16, 256, 512): ratio=0.258, groups=4
2026-09-26 12:39:42,920 - mneme.mneme_core - INFO - Registered 'act_ckpt_432_2941441182608'. Type: quantized_group. Addr: 7f72d372
2026-09-26 12:39:46,236 - mneme.mneme_core - INFO - Group-int8_group 'act_ckpt_433_2941441375552' (16, 256, 512): ratio=0.256, groups=4
2026-09-26 12:39:48,618 - mneme.mneme_core - INFO - Registered 'act_ckpt_433_2941441375552'. Type: quantized_group. Addr: 7f72d372
2026-09-26 12:39:48,764 - mneme.mneme_core - INFO - Group-int8_group 'act_ckpt_434_2941441372912' (16, 256, 512): ratio=0.258, groups=4
2026-09-26 12:39:51,156 - mneme.mneme_core - INFO - Registered 'act_ckpt_434_2941441372912'. Type: quantized_group. Addr: 7f72d372
2026-09-26 12:39:51,456 - mneme.mneme_core - INFO - Group-int8_group 'act_ckpt_435_2941441360832' (16, 256, 512): ratio=0.258, groups=4
2026-09-26 12:39:53,839 - mneme.mneme_core - INFO - Registered 'act_ckpt_435_2941441360832'. Type: quantized_group. Addr: 7f72d372
2026-09-26 12:39:53,986 - mneme.mneme_core - INFO - Group-int8_group 'act_ckpt_436_2941441364592' (16, 256, 512): ratio=0.258, groups=4
2026-09-26 12:39:56,359 - mneme.mneme_core - INFO - Registered 'act_ckpt_436_2941441364592'. Type: quantized_group. Addr: 7f72d372
2026-09-26 12:39:56,653 - mneme.mneme_core - INFO - Group-int8_group 'act_ckpt_437_2941441365072' (16, 256, 512): ratio=0.258, groups=4
2026-09-26 12:39:59,055 - mneme.mneme_core - INFO - Registered 'act_ckpt_437_2941441365072'. Type: quantized_group. Addr: 7f72d372
2026-09-26 12:39:59,189 - mneme.mneme_core - INFO - Group-int8_group 'act_ckpt_438_2941441367472' (16, 256, 512): ratio=0.258, groups=4
2026-09-26 12:40:01,571 - mneme.mneme_core - INFO - Registered 'act_ckpt_438_2941441367472'. Type: quantized_group. Addr: 7f72d372
2026-09-26 12:40:01,842 - mneme.mneme_core - INFO - Group-int8_group 'act_ckpt_439_2941441364672' (16, 256, 512): ratio=0.258, groups=4
2026-09-26 12:40:04,211 - mneme.mneme_core - INFO - Registered 'act_ckpt_439_2941441364672'. Type: quantized_group. Addr: 7f72d372
2026-09-26 12:40:04,345 - mneme.mneme_core - INFO - Group-int8_group 'act_ckpt_440_2941440604144' (16, 256, 512): ratio=0.258, groups=4
2026-09-26 12:40:06,730 - mneme.mneme_core - INFO - Registered 'act_ckpt_440_2941440604144'. Type: quantized_group. Addr: 7f72d372
2026-09-26 12:40:07,003 - mneme.mneme_core - INFO - Group-int8_group 'act_ckpt_441_2941441001344' (16, 256, 512): ratio=0.258, groups=4
2026-09-26 12:40:09,373 - mneme.mneme_core - INFO - Registered 'act_ckpt_441_2941441001344'. Type: quantized_group. Addr: 7f72d372
2026-09-26 12:40:09,591 - mneme.mneme_core - INFO - Group-int8_group 'act_ckpt_442_2941441012224' (16, 256, 512): ratio=0.258, groups=4
2026-09-26 12:40:11,963 - mneme.mneme_core - INFO - Registered 'act_ckpt_442_2941441012224'. Type: quantized_group. Addr: 7f72d372
2026-09-26 12:40:12,098 - mneme.mneme_core - INFO - Group-int8_group 'act_ckpt_443_2941441003024' (16, 256, 512): ratio=0.258, groups=4
2026-09-26 12:40:14,484 - mneme.mneme_core - INFO - Registered 'act_ckpt_443_2941441003024'. Type: quantized_group. Addr: 7f72d372
2026-09-26 12:40:14,778 - mneme.mneme_core - INFO - Group-int8_group 'act_ckpt_444_2941441008464' (16, 256, 512): ratio=0.258, groups=4
2026-09-26 12:40:17,163 - mneme.mneme_core - INFO - Registered 'act_ckpt_444_2941441008464'. Type: quantized_group. Addr: 7f72d372
2026-09-26 12:40:20,023 - mneme.mneme_core - INFO - Group-int8_group 'act_ckpt_445_2941440787792' (16, 256, 512): ratio=0.256, groups=4
2026-09-26 12:40:22,704 - mneme.mneme_core - INFO - Registered 'act_ckpt_445_2941440787792'. Type: quantized_group. Addr: 7f72d372
2026-09-26 12:40:22,840 - mneme.mneme_core - INFO - Group-int8_group 'act_ckpt_446_2941440786672' (16, 256, 512): ratio=0.258, groups=4
2026-09-26 12:40:25,435 - mneme.mneme_core - INFO - Registered 'act_ckpt_446_2941440786672'. Type: quantized_group. Addr: 7f72d372
2026-09-26 12:40:25,674 - mneme.mneme_core - INFO - Group-int8_group 'act_ckpt_447_2941440788912' (16, 256, 512): ratio=0.258, groups=4
2026-09-26 12:40:28,283 - mneme.mneme_core - INFO - Registered 'act_ckpt_447_2941440788912'. Type: quantized_group. Addr: 7f72d372
2026-09-26 12:40:28,431 - mneme.mneme_core - INFO - Group-int8_group 'act_ckpt_448_2941440788512' (16, 256, 512): ratio=0.258, groups=4
2026-09-26 12:40:31,074 - mneme.mneme_core - INFO - Registered 'act_ckpt_448_2941440788512'. Type: quantized_group. Addr: 7f72d372
2026-09-26 12:40:31,348 - mneme.mneme_core - INFO - Group-int8_group 'act_ckpt_449_2941440789632' (16, 256, 512): ratio=0.258, groups=4
2026-09-26 12:40:33,954 - mneme.mneme_core - INFO - Registered 'act_ckpt_449_2941440789632'. Type: quantized_group. Addr: 7f72d372
2026-09-26 12:40:34,091 - mneme.mneme_core - INFO - Group-int8_group 'act_ckpt_450_2941440791312' (16, 256, 512): ratio=0.258, groups=4
2026-09-26 12:40:36,697 - mneme.mneme_core - INFO - Registered 'act_ckpt_450_2941440791312'. Type: quantized_group. Addr: 7f72d372
2026-09-26 12:40:36,992 - mneme.mneme_core - INFO - Group-int8_group 'act_ckpt_451_2941440797872' (16, 256, 512): ratio=0.258, groups=4
2026-09-26 12:40:39,620 - mneme.mneme_core - INFO - Registered 'act_ckpt_451_2941440797872'. Type: quantized_group. Addr: 7f72d372
2026-09-26 12:40:39,841 - mneme.mneme_core - INFO - Group-int8_group 'act_ckpt_452_2941440791632' (16, 256, 512): ratio=0.258, groups=4
2026-09-26 12:40:42,475 - mneme.mneme_core - INFO - Registered 'act_ckpt_452_2941440791632'. Type: quantized_group. Addr: 7f72d372
2026-09-26 12:40:42,610 - mneme.mneme_core - INFO - Group-int8_group 'act_ckpt_453_2941441151200' (16, 256, 512): ratio=0.258, groups=4
2026-09-26 12:40:45,224 - mneme.mneme_core - INFO - Registered 'act_ckpt_453_2941441151200'. Type: quantized_group. Addr: 7f72d372
2026-09-26 12:40:45,457 - mneme.mneme_core - INFO - Group-int8_group 'act_ckpt_454_2941441156800' (16, 256, 512): ratio=0.258, groups=4
2026-09-26 12:40:48,073 - mneme.mneme_core - INFO - Registered 'act_ckpt_454_2941441156800'. Type: quantized_group. Addr: 7f72d372
2026-09-26 12:40:48,209 - mneme.mneme_core - INFO - Group-int8_group 'act_ckpt_455_2941441158160' (16, 256, 512): ratio=0.258, groups=4
2026-09-26 12:40:50,833 - mneme.mneme_core - INFO - Registered 'act_ckpt_455_2941441158160'. Type: quantized_group. Addr: 7f72d372
2026-09-26 12:40:51,051 - mneme.mneme_core - INFO - Group-int8_group 'act_ckpt_456_2941441158000' (16, 256, 512): ratio=0.258, groups=4
2026-09-26 12:40:53,659 - mneme.mneme_core - INFO - Registered 'act_ckpt_456_2941441158000'. Type: quantized_group. Addr: 7f72d372
2026-09-26 12:40:58,500 - mneme.mneme_core - INFO - Group-int8_group 'act_ckpt_457_2940775446832' (16, 256, 512): ratio=0.256, groups=4
2026-09-26 12:41:01,216 - mneme.mneme_core - INFO - Registered 'act_ckpt_457_2940775446832'. Type: quantized_group. Addr: 7f72d372
2026-09-26 12:41:01,347 - mneme.mneme_core - INFO - Group-int8_group 'act_ckpt_458_2940775444352' (16, 256, 512): ratio=0.258, groups=4
2026-09-26 12:41:04,224 - mneme.mneme_core - INFO - Registered 'act_ckpt_458_2940775444352'. Type: quantized_group. Addr: 7f72d372
2026-09-26 12:41:04,436 - mneme.mneme_core - INFO - Group-int8_group 'act_ckpt_459_2941441343184' (16, 256, 512): ratio=0.258, groups=4
2026-09-26 12:41:07,068 - mneme.mneme_core - INFO - Registered 'act_ckpt_459_2941441343184'. Type: quantized_group. Addr: 7f72d372
2026-09-26 12:41:07,263 - mneme.mneme_core - INFO - Group-int8_group 'act_ckpt_460_2940775433792' (16, 256, 512): ratio=0.258, groups=4
2026-09-26 12:41:09,879 - mneme.mneme_core - INFO - Registered 'act_ckpt_460_2940775433792'. Type: quantized_group. Addr: 7f72d372
2026-09-26 12:41:10,124 - mneme.mneme_core - INFO - Group-int8_group 'act_ckpt_461_2940775433232' (16, 256, 512): ratio=0.258, groups=4
2026-09-26 12:41:12,833 - mneme.mneme_core - INFO - Registered 'act_ckpt_461_2940775433232'. Type: quantized_group. Addr: 7f72d372
2026-09-26 12:41:13,099 - mneme.mneme_core - INFO - Group-int8_group 'act_ckpt_462_2941441130032' (16, 256, 512): ratio=0.258, groups=4
2026-09-26 12:41:15,780 - mneme.mneme_core - INFO - Registered 'act_ckpt_462_2941441130032'. Type: quantized_group. Addr: 7f72d372
2026-09-26 12:41:16,023 - mneme.mneme_core - INFO - Group-int8_group 'act_ckpt_463_2941441360032' (16, 256, 512): ratio=0.258, groups=4
2026-09-26 12:41:18,750 - mneme.mneme_core - INFO - Registered 'act_ckpt_463_2941441360032'. Type: quantized_group. Addr: 7f72d372
2026-09-26 12:41:18,870 - mneme.mneme_core - INFO - Group-int8_group 'act_ckpt_464_2941441362992' (16, 256, 512): ratio=0.258, groups=4
2026-09-26 12:41:21,575 - mneme.mneme_core - INFO - Registered 'act_ckpt_464_2941441362992'. Type: quantized_group. Addr: 7f72d372
2026-09-26 12:41:21,818 - mneme.mneme_core - INFO - Group-int8_group 'act_ckpt_465_2941440959392' (16, 256, 512): ratio=0.258, groups=4
2026-09-26 12:41:24,494 - mneme.mneme_core - INFO - Registered 'act_ckpt_465_2941440959392'. Type: quantized_group. Addr: 7f72d372
2026-09-26 12:41:24,625 - mneme.mneme_core - INFO - Group-int8_group 'act_ckpt_466_2941440958672' (16, 256, 512): ratio=0.258, groups=4
2026-09-26 12:41:27,424 - mneme.mneme_core - INFO - Registered 'act_ckpt_466_2941440958672'. Type: quantized_group. Addr: 7f72d372
2026-09-26 12:41:27,631 - mneme.mneme_core - INFO - Group-int8_group 'act_ckpt_467_2941440964752' (16, 256, 512): ratio=0.258, groups=4
2026-09-26 12:41:30,400 - mneme.mneme_core - INFO - Registered 'act_ckpt_467_2941440964752'. Type: quantized_group. Addr: 7f72d372
2026-09-26 12:41:30,521 - mneme.mneme_core - INFO - Group-int8_group 'act_ckpt_468_2941440961552' (16, 256, 512): ratio=0.258, groups=4
2026-09-26 12:41:33,241 - mneme.mneme_core - INFO - Registered 'act_ckpt_468_2941440961552'. Type: quantized_group. Addr: 7f72d372
2026-09-26 12:41:36,225 - mneme.mneme_core - INFO - Group-int8_group 'act_ckpt_469_2943666802752' (16, 256, 512): ratio=0.256, groups=4
2026-09-26 12:41:38,836 - mneme.mneme_core - INFO - Registered 'act_ckpt_469_2943666802752'. Type: quantized_group. Addr: 7f72d372
2026-09-26 12:41:38,951 - mneme.mneme_core - INFO - Group-int8_group 'act_ckpt_470_2943666803712' (16, 256, 512): ratio=0.258, groups=4
2026-09-26 12:41:41,603 - mneme.mneme_core - INFO - Registered 'act_ckpt_470_2943666803712'. Type: quantized_group. Addr: 7f72d372
2026-09-26 12:41:41,801 - mneme.mneme_core - INFO - Group-int8_group 'act_ckpt_471_2943666804032' (16, 256, 512): ratio=0.258, groups=4
2026-09-26 12:41:44,697 - mneme.mneme_core - INFO - Registered 'act_ckpt_471_2943666804032'. Type: quantized_group. Addr: 7f72d372
2026-09-26 12:41:44,911 - mneme.mneme_core - INFO - Group-int8_group 'act_ckpt_472_2943666804832' (16, 256, 512): ratio=0.258, groups=4
2026-09-26 12:41:47,633 - mneme.mneme_core - INFO - Registered 'act_ckpt_472_2943666804832'. Type: quantized_group. Addr: 7f72d372
2026-09-26 12:41:47,831 - mneme.mneme_core - INFO - Group-int8_group 'act_ckpt_473_2943666805152' (16, 256, 512): ratio=0.258, groups=4
2026-09-26 12:41:50,566 - mneme.mneme_core - INFO - Registered 'act_ckpt_473_2943666805152'. Type: quantized_group. Addr: 7f72d372
2026-09-26 12:41:50,811 - mneme.mneme_core - INFO - Group-int8_group 'act_ckpt_474_2943666805472' (16, 256, 512): ratio=0.258, groups=4
2026-09-26 12:41:53,468 - mneme.mneme_core - INFO - Registered 'act_ckpt_474_2943666805472'. Type: quantized_group. Addr: 7f72d372
2026-09-26 12:41:53,566 - mneme.mneme_core - INFO - Group-int8_group 'act_ckpt_475_2943666806192' (16, 256, 512): ratio=0.258, groups=4
2026-09-26 12:41:56,173 - mneme.mneme_core - INFO - Registered 'act_ckpt_475_2943666806192'. Type: quantized_group. Addr: 7f72d372
2026-09-26 12:41:56,411 - mneme.mneme_core - INFO - Group-int8_group 'act_ckpt_476_2943666806672' (16, 256, 512): ratio=0.258, groups=4
2026-09-26 12:41:59,031 - mneme.mneme_core - INFO - Registered 'act_ckpt_476_2943666806672'. Type: quantized_group. Addr: 7f72d372
2026-09-26 12:41:59,128 - mneme.mneme_core - INFO - Group-int8_group 'act_ckpt_477_2943666806992' (16, 256, 512): ratio=0.258, groups=4
2026-09-26 12:42:01,748 - mneme.mneme_core - INFO - Registered 'act_ckpt_477_2943666806992'. Type: quantized_group. Addr: 7f72d372
2026-09-26 12:42:01,962 - mneme.mneme_core - INFO - Group-int8_group 'act_ckpt_478_2943666807232' (16, 256, 512): ratio=0.258, groups=4
2026-09-26 12:42:04,579 - mneme.mneme_core - INFO - Registered 'act_ckpt_478_2943666807232'. Type: quantized_group. Addr: 7f72d372
2026-09-26 12:42:04,675 - mneme.mneme_core - INFO - Group-int8_group 'act_ckpt_479_2943666807552' (16, 256, 512): ratio=0.258, groups=4
2026-09-26 12:42:07,343 - mneme.mneme_core - INFO - Registered 'act_ckpt_479_2943666807552'. Type: quantized_group. Addr: 7f72d372
2026-09-26 12:42:07,574 - mneme.mneme_core - INFO - Group-int8_group 'act_ckpt_480_2943666808352' (16, 256, 512): ratio=0.258, groups=4
2026-09-26 12:42:10,187 - mneme.mneme_core - INFO - Registered 'act_ckpt_480_2943666808352'. Type: quantized_group. Addr: 7f72d372
2026-09-26 12:42:13,157 - mneme.mneme_core - INFO - Group-int8_group 'act_ckpt_481_2941441190688' (16, 256, 512): ratio=0.255, groups=4
2026-09-26 12:42:15,949 - mneme.mneme_core - INFO - Registered 'act_ckpt_481_2941441190688'. Type: quantized_group. Addr: 7f72d372
2026-09-26 12:42:15,992 - mneme.mneme_core - INFO - Group-int8_group 'act_ckpt_482_2941441180128' (16, 256, 512): ratio=0.258, groups=4
2026-09-26 12:42:18,598 - mneme.mneme_core - INFO - Registered 'act_ckpt_482_2941441180128'. Type: quantized_group. Addr: 7f72d372
2026-09-26 12:42:18,778 - mneme.mneme_core - INFO - Group-int8_group 'act_ckpt_483_2941441182128' (16, 256, 512): ratio=0.258, groups=4
2026-09-26 12:42:21,401 - mneme.mneme_core - INFO - Registered 'act_ckpt_483_2941441182128'. Type: quantized_group. Addr: 7f72d372
2026-09-26 12:42:21,482 - mneme.mneme_core - INFO - Group-int8_group 'act_ckpt_484_2941441183008' (16, 256, 512): ratio=0.258, groups=4
2026-09-26 12:42:24,082 - mneme.mneme_core - INFO - Registered 'act_ckpt_484_2941441183008'. Type: quantized_group. Addr: 7f72d372
2026-09-26 12:42:24,248 - mneme.mneme_core - INFO - Group-int8_group 'act_ckpt_485_2941441181488' (16, 256, 512): ratio=0.258, groups=4
2026-09-26 12:42:26,856 - mneme.mneme_core - INFO - Registered 'act_ckpt_485_2941441181488'. Type: quantized_group. Addr: 7f72d372
2026-09-26 12:42:27,023 - mneme.mneme_core - INFO - Group-int8_group 'act_ckpt_486_2941441190128' (16, 256, 512): ratio=0.258, groups=4
2026-09-26 12:42:29,819 - mneme.mneme_core - INFO - Registered 'act_ckpt_486_2941441190128'. Type: quantized_group. Addr: 7f72d372
2026-09-26 12:42:29,986 - mneme.mneme_core - INFO - Group-int8_group 'act_ckpt_487_2941441181248' (16, 256, 512): ratio=0.258, groups=4
2026-09-26 12:42:32,789 - mneme.mneme_core - INFO - Registered 'act_ckpt_487_2941441181248'. Type: quantized_group. Addr: 7f72d372
2026-09-26 12:42:32,982 - mneme.mneme_core - INFO - Group-int8_group 'act_ckpt_488_2941441180448' (16, 256, 512): ratio=0.258, groups=4
2026-09-26 12:42:35,552 - mneme.mneme_core - INFO - Registered 'act_ckpt_488_2941441180448'. Type: quantized_group. Addr: 7f72d372
2026-09-26 12:42:35,646 - mneme.mneme_core - INFO - Group-int8_group 'act_ckpt_489_2941441188928' (16, 256, 512): ratio=0.258, groups=4
2026-09-26 12:42:38,268 - mneme.mneme_core - INFO - Registered 'act_ckpt_489_2941441188928'. Type: quantized_group. Addr: 7f72d372
2026-09-26 12:42:38,435 - mneme.mneme_core - INFO - Group-int8_group 'act_ckpt_490_2940775444912' (16, 256, 512): ratio=0.258, groups=4
2026-09-26 12:42:41,061 - mneme.mneme_core - INFO - Registered 'act_ckpt_490_2940775444912'. Type: quantized_group. Addr: 7f72d372
2026-09-26 12:42:41,279 - mneme.mneme_core - INFO - Group-int8_group 'act_ckpt_491_2940775407504' (16, 256, 512): ratio=0.258, groups=4
2026-09-26 12:42:44,003 - mneme.mneme_core - INFO - Registered 'act_ckpt_491_2940775407504'. Type: quantized_group. Addr: 7f72d372
2026-09-26 12:42:44,045 - mneme.mneme_core - INFO - Group-int8_group 'act_ckpt_492_2940775407744' (16, 256, 512): ratio=0.258, groups=4
2026-09-26 12:42:46,647 - mneme.mneme_core - INFO - Registered 'act_ckpt_492_2940775407744'. Type: quantized_group. Addr: 7f72d372
2026-09-26 12:42:49,459 - mneme.mneme_core - INFO - Group-int8_group 'act_ckpt_493_2943666808352' (16, 256, 512): ratio=0.256, groups=4
2026-09-26 12:42:52,145 - mneme.mneme_core - INFO - Registered 'act_ckpt_493_2943666808352'. Type: quantized_group. Addr: 7f72d372
2026-09-26 12:42:52,182 - mneme.mneme_core - INFO - Group-int8_group 'act_ckpt_494_2943666811312' (16, 256, 512): ratio=0.258, groups=4
2026-09-26 12:42:54,818 - mneme.mneme_core - INFO - Registered 'act_ckpt_494_2943666811312'. Type: quantized_group. Addr: 7f72d372
2026-09-26 12:42:54,984 - mneme.mneme_core - INFO - Group-int8_group 'act_ckpt_495_2943666811392' (16, 256, 512): ratio=0.258, groups=4
2026-09-26 12:42:57,587 - mneme.mneme_core - INFO - Registered 'act_ckpt_495_2943666811392'. Type: quantized_group. Addr: 7f72d372
2026-09-26 12:42:57,753 - mneme.mneme_core - INFO - Group-int8_group 'act_ckpt_496_2943666811632' (16, 256, 512): ratio=0.258, groups=4
2026-09-26 12:43:00,364 - mneme.mneme_core - INFO - Registered 'act_ckpt_496_2943666811632'. Type: quantized_group. Addr: 7f72d372
2026-09-26 12:43:00,456 - mneme.mneme_core - INFO - Group-int8_group 'act_ckpt_497_2943666812352' (16, 256, 512): ratio=0.258, groups=4
2026-09-26 12:43:03,117 - mneme.mneme_core - INFO - Registered 'act_ckpt_497_2943666812352'. Type: quantized_group. Addr: 7f72d372
2026-09-26 12:43:03,303 - mneme.mneme_core - INFO - Group-int8_group 'act_ckpt_498_2943666812992' (16, 256, 512): ratio=0.258, groups=4
2026-09-26 12:43:06,075 - mneme.mneme_core - INFO - Registered 'act_ckpt_498_2943666812992'. Type: quantized_group. Addr: 7f72d372
2026-09-26 12:43:06,409 - mneme.mneme_core - INFO - Group-int8_group 'act_ckpt_499_2943666813392' (16, 256, 512): ratio=0.258, groups=4
2026-09-26 12:43:09,515 - mneme.mneme_core - INFO - Registered 'act_ckpt_499_2943666813392'. Type: quantized_group. Addr: 7f72d372
2026-09-26 12:43:09,793 - mneme.mneme_core - INFO - Group-int8_group 'act_ckpt_500_2943666814592' (16, 256, 512): ratio=0.258, groups=4
2026-09-26 12:43:12,379 - mneme.mneme_core - INFO - Registered 'act_ckpt_500_2943666814592'. Type: quantized_group. Addr: 7f72d372
2026-09-26 12:43:12,532 - mneme.mneme_core - INFO - Group-int8_group 'act_ckpt_501_2943666811792' (16, 256, 512): ratio=0.258, groups=4
2026-09-26 12:43:15,716 - mneme.mneme_core - INFO - Registered 'act_ckpt_501_2943666811792'. Type: quantized_group. Addr: 7f72d372
2026-09-26 12:43:16,008 - mneme.mneme_core - INFO - Group-int8_group 'act_ckpt_502_2943666806832' (16, 256, 512): ratio=0.258, groups=4
2026-09-26 12:43:18,730 - mneme.mneme_core - INFO - Registered 'act_ckpt_502_2943666806832'. Type: quantized_group. Addr: 7f72d372
2026-09-26 12:43:18,868 - mneme.mneme_core - INFO - Group-int8_group 'act_ckpt_503_2943666805632' (16, 256, 512): ratio=0.258, groups=4
2026-09-26 12:43:21,642 - mneme.mneme_core - INFO - Registered 'act_ckpt_503_2943666805632'. Type: quantized_group. Addr: 7f72d372
2026-09-26 12:43:21,996 - mneme.mneme_core - INFO - Group-int8_group 'act_ckpt_504_2943666802832' (16, 256, 512): ratio=0.258, groups=4
2026-09-26 12:43:24,743 - mneme.mneme_core - INFO - Registered 'act_ckpt_504_2943666802832'. Type: quantized_group. Addr: 7f72d372
2026-09-26 12:43:27,461 - mneme.mneme_core - INFO - Group-int8_group 'act_ckpt_505_2943666825936' (16, 256, 512): ratio=0.256, groups=4
2026-09-26 12:43:30,125 - mneme.mneme_core - INFO - Registered 'act_ckpt_505_2943666825936'. Type: quantized_group. Addr: 7f72d372
2026-09-26 12:43:30,162 - mneme.mneme_core - INFO - Group-int8_group 'act_ckpt_506_2943666824096' (16, 256, 512): ratio=0.258, groups=4
2026-09-26 12:43:32,779 - mneme.mneme_core - INFO - Registered 'act_ckpt_506_2943666824096'. Type: quantized_group. Addr: 7f72d372
2026-09-26 12:43:32,946 - mneme.mneme_core - INFO - Group-int8_group 'act_ckpt_507_2943666823616' (16, 256, 512): ratio=0.258, groups=4
2026-09-26 12:43:35,567 - mneme.mneme_core - INFO - Registered 'act_ckpt_507_2943666823616'. Type: quantized_group. Addr: 7f72d372
2026-09-26 12:43:35,605 - mneme.mneme_core - INFO - Group-int8_group 'act_ckpt_508_2943666823056' (16, 256, 512): ratio=0.258, groups=4
2026-09-26 12:43:38,266 - mneme.mneme_core - INFO - Registered 'act_ckpt_508_2943666823056'. Type: quantized_group. Addr: 7f72d372
2026-09-26 12:43:38,459 - mneme.mneme_core - INFO - Group-int8_group 'act_ckpt_509_2943666822656' (16, 256, 512): ratio=0.258, groups=4
2026-09-26 12:43:41,084 - mneme.mneme_core - INFO - Registered 'act_ckpt_509_2943666822656'. Type: quantized_group. Addr: 7f72d372
2026-09-26 12:43:41,252 - mneme.mneme_core - INFO - Group-int8_group 'act_ckpt_510_2943666822416' (16, 256, 512): ratio=0.258, groups=4
2026-09-26 12:43:44,218 - mneme.mneme_core - INFO - Registered 'act_ckpt_510_2943666822416'. Type: quantized_group. Addr: 7f72d372
2026-09-26 12:43:44,406 - mneme.mneme_core - INFO - Group-int8_group 'act_ckpt_511_2943666817536' (16, 256, 512): ratio=0.258, groups=4
2026-09-26 12:43:47,014 - mneme.mneme_core - INFO - Registered 'act_ckpt_511_2943666817536'. Type: quantized_group. Addr: 7f72d372
2026-09-26 12:43:47,184 - mneme.mneme_core - INFO - Group-int8_group 'act_ckpt_512_2943666821536' (16, 256, 512): ratio=0.258, groups=4
2026-09-26 12:43:49,800 - mneme.mneme_core - INFO - Registered 'act_ckpt_512_2943666821536'. Type: quantized_group. Addr: 7f72d372
2026-09-26 12:43:49,968 - mneme.mneme_core - INFO - Group-int8_group 'act_ckpt_513_2943666821296' (16, 256, 512): ratio=0.258, groups=4
2026-09-26 12:43:52,594 - mneme.mneme_core - INFO - Registered 'act_ckpt_513_2943666821296'. Type: quantized_group. Addr: 7f72d372
2026-09-26 12:43:52,800 - mneme.mneme_core - INFO - Group-int8_group 'act_ckpt_514_2943666820176' (16, 256, 512): ratio=0.258, groups=4
2026-09-26 12:43:55,425 - mneme.mneme_core - INFO - Registered 'act_ckpt_514_2943666820176'. Type: quantized_group. Addr: 7f72d372
2026-09-26 12:43:55,592 - mneme.mneme_core - INFO - Group-int8_group 'act_ckpt_515_2943666819456' (16, 256, 512): ratio=0.258, groups=4
2026-09-26 12:43:58,227 - mneme.mneme_core - INFO - Registered 'act_ckpt_515_2943666819456'. Type: quantized_group. Addr: 7f72d372
2026-09-26 12:43:58,394 - mneme.mneme_core - INFO - Group-int8_group 'act_ckpt_516_2943666818976' (16, 256, 512): ratio=0.258, groups=4
2026-09-26 12:44:01,011 - mneme.mneme_core - INFO - Registered 'act_ckpt_516_2943666818976'. Type: quantized_group. Addr: 7f72d372
2026-09-26 12:44:04,166 - mneme.mneme_core - INFO - Group-int8_group 'act_ckpt_517_2940775442032' (16, 256, 512): ratio=0.255, groups=4
2026-09-26 12:44:06,793 - mneme.mneme_core - INFO - Registered 'act_ckpt_517_2940775442032'. Type: quantized_group. Addr: 7f72d372
2026-09-26 12:44:06,829 - mneme.mneme_core - INFO - Group-int8_group 'act_ckpt_518_2940775433312' (16, 256, 512): ratio=0.258, groups=4
2026-09-26 12:44:09,472 - mneme.mneme_core - INFO - Registered 'act_ckpt_518_2940775433312'. Type: quantized_group. Addr: 7f72d372
2026-09-26 12:44:09,637 - mneme.mneme_core - INFO - Group-int8_group 'act_ckpt_519_2941441180928' (16, 256, 512): ratio=0.258, groups=4
2026-09-26 12:44:12,356 - mneme.mneme_core - INFO - Registered 'act_ckpt_519_2941441180928'. Type: quantized_group. Addr: 7f72d372
2026-09-26 12:44:12,523 - mneme.mneme_core - INFO - Group-int8_group 'act_ckpt_520_2941441190848' (16, 256, 512): ratio=0.258, groups=4
2026-09-26 12:44:15,138 - mneme.mneme_core - INFO - Registered 'act_ckpt_520_2941441190848'. Type: quantized_group. Addr: 7f72d372
2026-09-26 12:44:15,219 - mneme.mneme_core - INFO - Group-int8_group 'act_ckpt_521_2941441187488' (16, 256, 512): ratio=0.258, groups=4
2026-09-26 12:44:17,821 - mneme.mneme_core - INFO - Registered 'act_ckpt_521_2941441187488'. Type: quantized_group. Addr: 7f72d372
2026-09-26 12:44:17,989 - mneme.mneme_core - INFO - Group-int8_group 'act_ckpt_522_2941441181088' (16, 256, 512): ratio=0.258, groups=4
2026-09-26 12:44:20,609 - mneme.mneme_core - INFO - Registered 'act_ckpt_522_2941441181088'. Type: quantized_group. Addr: 7f72d372
2026-09-26 12:44:20,776 - mneme.mneme_core - INFO - Group-int8_group 'act_ckpt_523_2941440611008' (16, 256, 512): ratio=0.258, groups=4
2026-09-26 12:44:23,420 - mneme.mneme_core - INFO - Registered 'act_ckpt_523_2941440611008'. Type: quantized_group. Addr: 7f72d372
2026-09-26 12:44:23,607 - mneme.mneme_core - INFO - Group-int8_group 'act_ckpt_524_2940775378976' (16, 256, 512): ratio=0.258, groups=4
2026-09-26 12:44:26,225 - mneme.mneme_core - INFO - Registered 'act_ckpt_524_2940775378976'. Type: quantized_group. Addr: 7f72d372
2026-09-26 12:44:26,391 - mneme.mneme_core - INFO - Group-int8_group 'act_ckpt_525_2941440797392' (16, 256, 512): ratio=0.258, groups=4
2026-09-26 12:44:29,019 - mneme.mneme_core - INFO - Registered 'act_ckpt_525_2941440797392'. Type: quantized_group. Addr: 7f72d372
2026-09-26 12:44:29,187 - mneme.mneme_core - INFO - Group-int8_group 'act_ckpt_526_2941440795952' (16, 256, 512): ratio=0.258, groups=4
2026-09-26 12:44:31,792 - mneme.mneme_core - INFO - Registered 'act_ckpt_526_2941440795952'. Type: quantized_group. Addr: 7f72d372
2026-09-26 12:44:31,986 - mneme.mneme_core - INFO - Group-int8_group 'act_ckpt_527_2941440795472' (16, 256, 512): ratio=0.258, groups=4
2026-09-26 12:44:34,601 - mneme.mneme_core - INFO - Registered 'act_ckpt_527_2941440795472'. Type: quantized_group. Addr: 7f72d372
2026-09-26 12:44:34,794 - mneme.mneme_core - INFO - Group-int8_group 'act_ckpt_528_2941440796832' (16, 256, 512): ratio=0.258, groups=4
2026-09-26 12:44:37,423 - mneme.mneme_core - INFO - Registered 'act_ckpt_528_2941440796832'. Type: quantized_group. Addr: 7f72d372
2026-09-26 12:44:40,205 - mneme.mneme_core - INFO - Group-int8_group 'act_ckpt_529_2943666807632' (16, 256, 512): ratio=0.256, groups=4
2026-09-26 12:44:42,866 - mneme.mneme_core - INFO - Registered 'act_ckpt_529_2943666807632'. Type: quantized_group. Addr: 7f72d372
2026-09-26 12:44:42,903 - mneme.mneme_core - INFO - Group-int8_group 'act_ckpt_530_2943666814192' (16, 256, 512): ratio=0.258, groups=4
2026-09-26 12:44:45,534 - mneme.mneme_core - INFO - Registered 'act_ckpt_530_2943666814192'. Type: quantized_group. Addr: 7f72d372
2026-09-26 12:44:45,704 - mneme.mneme_core - INFO - Group-int8_group 'act_ckpt_531_2943666814272' (16, 256, 512): ratio=0.258, groups=4
2026-09-26 12:44:48,481 - mneme.mneme_core - INFO - Registered 'act_ckpt_531_2943666814272'. Type: quantized_group. Addr: 7f72d372
2026-09-26 12:44:48,563 - mneme.mneme_core - INFO - Group-int8_group 'act_ckpt_532_2943666817296' (16, 256, 512): ratio=0.258, groups=4
2026-09-26 12:44:51,172 - mneme.mneme_core - INFO - Registered 'act_ckpt_532_2943666817296'. Type: quantized_group. Addr: 7f72d372
2026-09-26 12:44:51,340 - mneme.mneme_core - INFO - Group-int8_group 'act_ckpt_533_2943666829456' (16, 256, 512): ratio=0.258, groups=4
2026-09-26 12:44:53,983 - mneme.mneme_core - INFO - Registered 'act_ckpt_533_2943666829456'. Type: quantized_group. Addr: 7f72d372
2026-09-26 12:44:54,149 - mneme.mneme_core - INFO - Group-int8_group 'act_ckpt_534_2943666829776' (16, 256, 512): ratio=0.258, groups=4
2026-09-26 12:44:56,757 - mneme.mneme_core - INFO - Registered 'act_ckpt_534_2943666829776'. Type: quantized_group. Addr: 7f72d372
2026-09-26 12:44:56,944 - mneme.mneme_core - INFO - Group-int8_group 'act_ckpt_535_2943666830096' (16, 256, 512): ratio=0.258, groups=4
2026-09-26 12:44:59,554 - mneme.mneme_core - INFO - Registered 'act_ckpt_535_2943666830096'. Type: quantized_group. Addr: 7f72d372
2026-09-26 12:44:59,591 - mneme.mneme_core - INFO - Group-int8_group 'act_ckpt_536_2943666816336' (16, 256, 512): ratio=0.258, groups=4
2026-09-26 12:45:02,224 - mneme.mneme_core - INFO - Registered 'act_ckpt_536_2943666816336'. Type: quantized_group. Addr: 7f72d372
2026-09-26 12:45:02,390 - mneme.mneme_core - INFO - Group-int8_group 'act_ckpt_537_2943666819056' (16, 256, 512): ratio=0.258, groups=4
2026-09-26 12:45:05,004 - mneme.mneme_core - INFO - Registered 'act_ckpt_537_2943666819056'. Type: quantized_group. Addr: 7f72d372
2026-09-26 12:45:05,171 - mneme.mneme_core - INFO - Group-int8_group 'act_ckpt_538_2943666820096' (16, 256, 512): ratio=0.258, groups=4
2026-09-26 12:45:07,803 - mneme.mneme_core - INFO - Registered 'act_ckpt_538_2943666820096'. Type: quantized_group. Addr: 7f72d372
2026-09-26 12:45:07,971 - mneme.mneme_core - INFO - Group-int8_group 'act_ckpt_539_2943666824816' (16, 256, 512): ratio=0.258, groups=4
2026-09-26 12:45:10,606 - mneme.mneme_core - INFO - Registered 'act_ckpt_539_2943666824816'. Type: quantized_group. Addr: 7f72d372
2026-09-26 12:45:10,804 - mneme.mneme_core - INFO - Group-int8_group 'act_ckpt_540_2943666818256' (16, 256, 512): ratio=0.258, groups=4
2026-09-26 12:45:13,463 - mneme.mneme_core - INFO - Registered 'act_ckpt_540_2943666818256'. Type: quantized_group. Addr: 7f72d372
2026-09-26 12:45:16,768 - mneme.mneme_core - INFO - Group-int8_group 'act_ckpt_541_2940775435392' (16, 256, 512): ratio=0.256, groups=4
2026-09-26 12:45:19,398 - mneme.mneme_core - INFO - Registered 'act_ckpt_541_2940775435392'. Type: quantized_group. Addr: 7f72d372
2026-09-26 12:45:19,434 - mneme.mneme_core - INFO - Group-int8_group 'act_ckpt_542_2941441508048' (16, 256, 512): ratio=0.258, groups=4
2026-09-26 12:45:22,130 - mneme.mneme_core - INFO - Registered 'act_ckpt_542_2941441508048'. Type: quantized_group. Addr: 7f72d372
2026-09-26 12:45:22,300 - mneme.mneme_core - INFO - Group-int8_group 'act_ckpt_543_2941441510928' (16, 256, 512): ratio=0.258, groups=4
2026-09-26 12:45:24,913 - mneme.mneme_core - INFO - Registered 'act_ckpt_543_2941441510928'. Type: quantized_group. Addr: 7f72d372
2026-09-26 12:45:25,005 - mneme.mneme_core - INFO - Group-int8_group 'act_ckpt_544_2941441513488' (16, 256, 512): ratio=0.258, groups=4
2026-09-26 12:45:27,611 - mneme.mneme_core - INFO - Registered 'act_ckpt_544_2941441513488'. Type: quantized_group. Addr: 7f72d372
2026-09-26 12:45:27,778 - mneme.mneme_core - INFO - Group-int8_group 'act_ckpt_545_2941441512448' (16, 256, 512): ratio=0.258, groups=4
2026-09-26 12:45:30,389 - mneme.mneme_core - INFO - Registered 'act_ckpt_545_2941441512448'. Type: quantized_group. Addr: 7f72d372
2026-09-26 12:45:30,558 - mneme.mneme_core - INFO - Group-int8_group 'act_ckpt_546_2941441516448' (16, 256, 512): ratio=0.258, groups=4
2026-09-26 12:45:33,173 - mneme.mneme_core - INFO - Registered 'act_ckpt_546_2941441516448'. Type: quantized_group. Addr: 7f72d372
2026-09-26 12:45:33,341 - mneme.mneme_core - INFO - Group-int8_group 'act_ckpt_547_2941441515328' (16, 256, 512): ratio=0.258, groups=4
2026-09-26 12:45:35,945 - mneme.mneme_core - INFO - Registered 'act_ckpt_547_2941441515328'. Type: quantized_group. Addr: 7f72d372
2026-09-26 12:45:36,141 - mneme.mneme_core - INFO - Group-int8_group 'act_ckpt_548_2941441517488' (16, 256, 512): ratio=0.258, groups=4
2026-09-26 12:45:38,758 - mneme.mneme_core - INFO - Registered 'act_ckpt_548_2941441517488'. Type: quantized_group. Addr: 7f72d372
2026-09-26 12:45:38,840 - mneme.mneme_core - INFO - Group-int8_group 'act_ckpt_549_2941441518128' (16, 256, 512): ratio=0.258, groups=4
2026-09-26 12:45:41,449 - mneme.mneme_core - INFO - Registered 'act_ckpt_549_2941441518128'. Type: quantized_group. Addr: 7f72d372
2026-09-26 12:45:41,616 - mneme.mneme_core - INFO - Group-int8_group 'act_ckpt_550_2941441509808' (16, 256, 512): ratio=0.258, groups=4
2026-09-26 12:45:44,266 - mneme.mneme_core - INFO - Registered 'act_ckpt_550_2941441509808'. Type: quantized_group. Addr: 7f72d372
2026-09-26 12:45:44,432 - mneme.mneme_core - INFO - Group-int8_group 'act_ckpt_551_2941441509888' (16, 256, 512): ratio=0.258, groups=4
2026-09-26 12:45:47,030 - mneme.mneme_core - INFO - Registered 'act_ckpt_551_2941441509888'. Type: quantized_group. Addr: 7f72d372
2026-09-26 12:45:47,196 - mneme.mneme_core - INFO - Group-int8_group 'act_ckpt_552_2941441156160' (16, 256, 512): ratio=0.258, groups=4
2026-09-26 12:45:49,793 - mneme.mneme_core - INFO - Registered 'act_ckpt_552_2941441156160'. Type: quantized_group. Addr: 7f72d372
2026-09-26 12:45:52,977 - mneme.mneme_core - INFO - Group-int8_group 'act_ckpt_553_2943666813392' (16, 256, 512): ratio=0.256, groups=4
2026-09-26 12:45:55,582 - mneme.mneme_core - INFO - Registered 'act_ckpt_553_2943666813392'. Type: quantized_group. Addr: 7f72d372
2026-09-26 12:45:55,619 - mneme.mneme_core - INFO - Group-int8_group 'act_ckpt_554_2943666816016' (16, 256, 512): ratio=0.258, groups=4
2026-09-26 12:45:58,223 - mneme.mneme_core - INFO - Registered 'act_ckpt_554_2943666816016'. Type: quantized_group. Addr: 7f72d372
2026-09-26 12:45:58,415 - mneme.mneme_core - INFO - Group-int8_group 'act_ckpt_555_2941440554912' (16, 256, 512): ratio=0.258, groups=4
2026-09-26 12:46:01,026 - mneme.mneme_core - INFO - Registered 'act_ckpt_555_2941440554912'. Type: quantized_group. Addr: 7f72d372
2026-09-26 12:46:01,192 - mneme.mneme_core - INFO - Group-int8_group 'act_ckpt_556_2943666815136' (16, 256, 512): ratio=0.258, groups=4
2026-09-26 12:46:03,819 - mneme.mneme_core - INFO - Registered 'act_ckpt_556_2943666815136'. Type: quantized_group. Addr: 7f72d372
2026-09-26 12:46:03,987 - mneme.mneme_core - INFO - Group-int8_group 'act_ckpt_557_2941441335344' (16, 256, 512): ratio=0.258, groups=4
2026-09-26 12:46:06,587 - mneme.mneme_core - INFO - Registered 'act_ckpt_557_2941441335344'. Type: quantized_group. Addr: 7f72d372
2026-09-26 12:46:06,753 - mneme.mneme_core - INFO - Group-int8_group 'act_ckpt_558_2941441336544' (16, 256, 512): ratio=0.258, groups=4
2026-09-26 12:46:09,376 - mneme.mneme_core - INFO - Registered 'act_ckpt_558_2941441336544'. Type: quantized_group. Addr: 7f72d372
2026-09-26 12:46:09,564 - mneme.mneme_core - INFO - Group-int8_group 'act_ckpt_559_2940775172768' (16, 256, 512): ratio=0.258, groups=4
2026-09-26 12:46:12,201 - mneme.mneme_core - INFO - Registered 'act_ckpt_559_2940775172768'. Type: quantized_group. Addr: 7f72d372
2026-09-26 12:46:12,367 - mneme.mneme_core - INFO - Group-int8_group 'act_ckpt_560_2940775175568' (16, 256, 512): ratio=0.258, groups=4
2026-09-26 12:46:14,992 - mneme.mneme_core - INFO - Registered 'act_ckpt_560_2940775175568'. Type: quantized_group. Addr: 7f72d372
2026-09-26 12:46:15,160 - mneme.mneme_core - INFO - Group-int8_group 'act_ckpt_561_2940775467680' (16, 256, 512): ratio=0.258, groups=4
2026-09-26 12:46:17,774 - mneme.mneme_core - INFO - Registered 'act_ckpt_561_2940775467680'. Type: quantized_group. Addr: 7f72d372
2026-09-26 12:46:17,941 - mneme.mneme_core - INFO - Group-int8_group 'act_ckpt_562_2940775177568' (16, 256, 512): ratio=0.258, groups=4
2026-09-26 12:46:20,577 - mneme.mneme_core - INFO - Registered 'act_ckpt_562_2940775177568'. Type: quantized_group. Addr: 7f72d372
2026-09-26 12:46:20,766 - mneme.mneme_core - INFO - Group-int8_group 'act_ckpt_563_2940775177008' (16, 256, 512): ratio=0.258, groups=4
2026-09-26 12:46:23,391 - mneme.mneme_core - INFO - Registered 'act_ckpt_563_2940775177008'. Type: quantized_group. Addr: 7f72d372
2026-09-26 12:46:23,558 - mneme.mneme_core - INFO - Group-int8_group 'act_ckpt_564_2940775183728' (16, 256, 512): ratio=0.258, groups=4
2026-09-26 12:46:26,187 - mneme.mneme_core - INFO - Registered 'act_ckpt_564_2940775183728'. Type: quantized_group. Addr: 7f72d372
2026-09-26 12:46:29,686 - mneme.mneme_core - INFO - Group-int8_group 'act_ckpt_565_2941441512208' (16, 256, 512): ratio=0.255, groups=4
2026-09-26 12:46:32,312 - mneme.mneme_core - INFO - Registered 'act_ckpt_565_2941441512208'. Type: quantized_group. Addr: 7f72d372
2026-09-26 12:46:32,393 - mneme.mneme_core - INFO - Group-int8_group 'act_ckpt_566_2941441523488' (16, 256, 512): ratio=0.258, groups=4
2026-09-26 12:46:35,011 - mneme.mneme_core - INFO - Registered 'act_ckpt_566_2941441523488'. Type: quantized_group. Addr: 7f72d372
2026-09-26 12:46:35,178 - mneme.mneme_core - INFO - Group-int8_group 'act_ckpt_567_2943666759520' (16, 256, 512): ratio=0.258, groups=4
2026-09-26 12:46:37,799 - mneme.mneme_core - INFO - Registered 'act_ckpt_567_2943666759520'. Type: quantized_group. Addr: 7f72d372
2026-09-26 12:46:37,966 - mneme.mneme_core - INFO - Group-int8_group 'act_ckpt_568_2943666760080' (16, 256, 512): ratio=0.258, groups=4
2026-09-26 12:46:40,587 - mneme.mneme_core - INFO - Registered 'act_ckpt_568_2943666760080'. Type: quantized_group. Addr: 7f72d372
2026-09-26 12:46:40,776 - mneme.mneme_core - INFO - Group-int8_group 'act_ckpt_569_2943666757520' (16, 256, 512): ratio=0.258, groups=4
2026-09-26 12:46:43,511 - mneme.mneme_core - INFO - Registered 'act_ckpt_569_2943666757520'. Type: quantized_group. Addr: 7f72d372
2026-09-26 12:46:43,678 - mneme.mneme_core - INFO - Group-int8_group 'act_ckpt_570_2943666761120' (16, 256, 512): ratio=0.258, groups=4
2026-09-26 12:46:46,397 - mneme.mneme_core - INFO - Registered 'act_ckpt_570_2943666761120'. Type: quantized_group. Addr: 7f72d372
2026-09-26 12:46:46,480 - mneme.mneme_core - INFO - Group-int8_group 'act_ckpt_571_2943666761680' (16, 256, 512): ratio=0.258, groups=4
2026-09-26 12:46:49,100 - mneme.mneme_core - INFO - Registered 'act_ckpt_571_2943666761680'. Type: quantized_group. Addr: 7f72d372
2026-09-26 12:46:49,292 - mneme.mneme_core - INFO - Group-int8_group 'act_ckpt_572_2943666762240' (16, 256, 512): ratio=0.258, groups=4
2026-09-26 12:46:51,921 - mneme.mneme_core - INFO - Registered 'act_ckpt_572_2943666762240'. Type: quantized_group. Addr: 7f72d372
2026-09-26 12:46:52,004 - mneme.mneme_core - INFO - Group-int8_group 'act_ckpt_573_2943666762320' (16, 256, 512): ratio=0.258, groups=4
2026-09-26 12:46:54,669 - mneme.mneme_core - INFO - Registered 'act_ckpt_573_2943666762320'. Type: quantized_group. Addr: 7f72d372
2026-09-26 12:46:54,835 - mneme.mneme_core - INFO - Group-int8_group 'act_ckpt_574_2943666763520' (16, 256, 512): ratio=0.258, groups=4
2026-09-26 12:46:57,481 - mneme.mneme_core - INFO - Registered 'act_ckpt_574_2943666763520'. Type: quantized_group. Addr: 7f72d372
2026-09-26 12:46:57,648 - mneme.mneme_core - INFO - Group-int8_group 'act_ckpt_575_2943666763760' (16, 256, 512): ratio=0.258, groups=4
2026-09-26 12:47:00,292 - mneme.mneme_core - INFO - Registered 'act_ckpt_575_2943666763760'. Type: quantized_group. Addr: 7f72d372
2026-09-26 12:47:00,384 - mneme.mneme_core - INFO - Group-int8_group 'act_ckpt_576_2943666764080' (16, 256, 512): ratio=0.258, groups=4
2026-09-26 12:47:03,041 - mneme.mneme_core - INFO - Registered 'act_ckpt_576_2943666764080'. Type: quantized_group. Addr: 7f72d372
2026-09-26 12:47:08,026 - mneme.mneme_core - INFO - Group-int8_group 'act_ckpt_577_2940775153040' (16, 256, 512): ratio=0.255, groups=4
2026-09-26 12:47:10,677 - mneme.mneme_core - INFO - Registered 'act_ckpt_577_2940775153040'. Type: quantized_group. Addr: 7f72d372
2026-09-26 12:47:10,797 - mneme.mneme_core - INFO - Group-int8_group 'act_ckpt_578_2941441188528' (16, 256, 512): ratio=0.258, groups=4
2026-09-26 12:47:13,423 - mneme.mneme_core - INFO - Registered 'act_ckpt_578_2941441188528'. Type: quantized_group. Addr: 7f72d372
2026-09-26 12:47:13,700 - mneme.mneme_core - INFO - Group-int8_group 'act_ckpt_579_2941441181888' (16, 256, 512): ratio=0.258, groups=4
2026-09-26 12:47:16,762 - mneme.mneme_core - INFO - Registered 'act_ckpt_579_2941441181888'. Type: quantized_group. Addr: 7f72d372
2026-09-26 12:47:16,899 - mneme.mneme_core - INFO - Group-int8_group 'act_ckpt_580_2941441193568' (16, 256, 512): ratio=0.258, groups=4
2026-09-26 12:47:19,502 - mneme.mneme_core - INFO - Registered 'act_ckpt_580_2941441193568'. Type: quantized_group. Addr: 7f72d372
2026-09-26 12:47:19,730 - mneme.mneme_core - INFO - Group-int8_group 'act_ckpt_581_2941441195888' (16, 256, 512): ratio=0.258, groups=4
2026-09-26 12:47:22,326 - mneme.mneme_core - INFO - Registered 'act_ckpt_581_2941441195888'. Type: quantized_group. Addr: 7f72d372
2026-09-26 12:47:22,446 - mneme.mneme_core - INFO - Group-int8_group 'act_ckpt_582_2941441182928' (16, 256, 512): ratio=0.258, groups=4
2026-09-26 12:47:25,040 - mneme.mneme_core - INFO - Registered 'act_ckpt_582_2941441182928'. Type: quantized_group. Addr: 7f72d372
2026-09-26 12:47:25,314 - mneme.mneme_core - INFO - Group-int8_group 'act_ckpt_583_2941441195808' (16, 256, 512): ratio=0.258, groups=4
2026-09-26 12:47:27,913 - mneme.mneme_core - INFO - Registered 'act_ckpt_583_2941441195808'. Type: quantized_group. Addr: 7f72d372
2026-09-26 12:47:28,050 - mneme.mneme_core - INFO - Group-int8_group 'act_ckpt_584_2941441192448' (16, 256, 512): ratio=0.258, groups=4
2026-09-26 12:47:30,638 - mneme.mneme_core - INFO - Registered 'act_ckpt_584_2941441192448'. Type: quantized_group. Addr: 7f72d372
2026-09-26 12:47:30,881 - mneme.mneme_core - INFO - Group-int8_group 'act_ckpt_585_2941441193328' (16, 256, 512): ratio=0.258, groups=4
2026-09-26 12:47:33,469 - mneme.mneme_core - INFO - Registered 'act_ckpt_585_2941441193328'. Type: quantized_group. Addr: 7f72d372
2026-09-26 12:47:33,712 - mneme.mneme_core - INFO - Group-int8_group 'act_ckpt_586_2943667097424' (16, 256, 512): ratio=0.258, groups=4
2026-09-26 12:47:36,319 - mneme.mneme_core - INFO - Registered 'act_ckpt_586_2943667097424'. Type: quantized_group. Addr: 7f72d372
2026-09-26 12:47:36,448 - mneme.mneme_core - INFO - Group-int8_group 'act_ckpt_587_2943667098064' (16, 256, 512): ratio=0.258, groups=4
2026-09-26 12:47:39,061 - mneme.mneme_core - INFO - Registered 'act_ckpt_587_2943667098064'. Type: quantized_group. Addr: 7f72d372
2026-09-26 12:47:39,308 - mneme.mneme_core - INFO - Group-int8_group 'act_ckpt_588_2943667098544' (16, 256, 512): ratio=0.258, groups=4
2026-09-26 12:47:41,914 - mneme.mneme_core - INFO - Registered 'act_ckpt_588_2943667098544'. Type: quantized_group. Addr: 7f72d372
2026-09-26 12:47:47,197 - mneme.mneme_core - INFO - Group-int8_group 'act_ckpt_589_2941441360432' (16, 256, 512): ratio=0.255, groups=4
2026-09-26 12:47:51,181 - mneme.mneme_core - INFO - Registered 'act_ckpt_589_2941441360432'. Type: quantized_group. Addr: 7f72d372
2026-09-26 12:47:51,447 - mneme.mneme_core - INFO - Group-int8_group 'act_ckpt_590_2941441376112' (16, 256, 512): ratio=0.258, groups=4
2026-09-26 12:47:54,928 - mneme.mneme_core - INFO - Registered 'act_ckpt_590_2941441376112'. Type: quantized_group. Addr: 7f72d372
2026-09-26 12:47:55,194 - mneme.mneme_core - INFO - Group-int8_group 'act_ckpt_591_2941441335744' (16, 256, 512): ratio=0.258, groups=4
2026-09-26 12:47:57,791 - mneme.mneme_core - INFO - Registered 'act_ckpt_591_2941441335744'. Type: quantized_group. Addr: 7f72d372
2026-09-26 12:47:58,036 - mneme.mneme_core - INFO - Group-int8_group 'act_ckpt_592_2941441362272' (16, 256, 512): ratio=0.258, groups=4
2026-09-26 12:48:00,659 - mneme.mneme_core - INFO - Registered 'act_ckpt_592_2941441362272'. Type: quantized_group. Addr: 7f72d372
2026-09-26 12:48:00,794 - mneme.mneme_core - INFO - Group-int8_group 'act_ckpt_593_2941441372752' (16, 256, 512): ratio=0.258, groups=4
2026-09-26 12:48:03,393 - mneme.mneme_core - INFO - Registered 'act_ckpt_593_2941441372752'. Type: quantized_group. Addr: 7f72d372
2026-09-26 12:48:03,654 - mneme.mneme_core - INFO - Group-int8_group 'act_ckpt_594_2943666754000' (16, 256, 512): ratio=0.258, groups=4
2026-09-26 12:48:06,253 - mneme.mneme_core - INFO - Registered 'act_ckpt_594_2943666754000'. Type: quantized_group. Addr: 7f72d372
2026-09-26 12:48:06,375 - mneme.mneme_core - INFO - Group-int8_group 'act_ckpt_595_2943666752720' (16, 256, 512): ratio=0.258, groups=4
2026-09-26 12:48:09,007 - mneme.mneme_core - INFO - Registered 'act_ckpt_595_2943666752720'. Type: quantized_group. Addr: 7f72d372
2026-09-26 12:48:09,290 - mneme.mneme_core - INFO - Group-int8_group 'act_ckpt_596_2943666750880' (16, 256, 512): ratio=0.258, groups=4
2026-09-26 12:48:11,890 - mneme.mneme_core - INFO - Registered 'act_ckpt_596_2943666750880'. Type: quantized_group. Addr: 7f72d372
2026-09-26 12:48:12,116 - mneme.mneme_core - INFO - Group-int8_group 'act_ckpt_597_2943666750720' (16, 256, 512): ratio=0.258, groups=4
2026-09-26 12:48:14,741 - mneme.mneme_core - INFO - Registered 'act_ckpt_597_2943666750720'. Type: quantized_group. Addr: 7f72d372
2026-09-26 12:48:14,862 - mneme.mneme_core - INFO - Group-int8_group 'act_ckpt_598_2943666751040' (16, 256, 512): ratio=0.258, groups=4
2026-09-26 12:48:17,475 - mneme.mneme_core - INFO - Registered 'act_ckpt_598_2943666751040'. Type: quantized_group. Addr: 7f72d372
2026-09-26 12:48:17,717 - mneme.mneme_core - INFO - Group-int8_group 'act_ckpt_599_2943666751200' (16, 256, 512): ratio=0.258, groups=4
2026-09-26 12:48:20,336 - mneme.mneme_core - INFO - Registered 'act_ckpt_599_2943666751200'. Type: quantized_group. Addr: 7f72d372
2026-09-26 12:48:20,467 - mneme.mneme_core - INFO - Group-int8_group 'act_ckpt_600_2943666751600' (16, 256, 512): ratio=0.258, groups=4
2026-09-26 12:48:23,059 - mneme.mneme_core - INFO - Registered 'act_ckpt_600_2943666751600'. Type: quantized_group. Addr: 7f72d372
  Epoch  0/15: train_loss=8.3081, val_loss=6.0858, rank=32, time=1357.9s *
2026-09-26 12:48:56,483 - mneme.mneme_core - INFO - Group-int8_group 'act_ckpt_601_2943667130272' (16, 256, 512): ratio=0.256, groups=4
2026-09-26 12:48:59,098 - mneme.mneme_core - INFO - Registered 'act_ckpt_601_2943667130272'. Type: quantized_group. Addr: 7f72d372
2026-09-26 12:48:59,338 - mneme.mneme_core - INFO - Group-int8_group 'act_ckpt_602_2941440791392' (16, 256, 512): ratio=0.258, groups=4
2026-09-26 12:49:01,935 - mneme.mneme_core - INFO - Registered 'act_ckpt_602_2941440791392'. Type: quantized_group. Addr: 7f72d372
2026-09-26 12:49:02,225 - mneme.mneme_core - INFO - Group-int8_group 'act_ckpt_603_2943667102704' (16, 256, 512): ratio=0.258, groups=4
2026-09-26 12:49:04,806 - mneme.mneme_core - INFO - Registered 'act_ckpt_603_2943667102704'. Type: quantized_group. Addr: 7f72d372
2026-09-26 12:49:04,910 - mneme.mneme_core - INFO - Group-int8_group 'act_ckpt_604_2943667102784' (16, 256, 512): ratio=0.258, groups=4
2026-09-26 12:49:07,488 - mneme.mneme_core - INFO - Registered 'act_ckpt_604_2943667102784'. Type: quantized_group. Addr: 7f72d372
2026-09-26 12:49:07,709 - mneme.mneme_core - INFO - Group-int8_group 'act_ckpt_605_2943667103344' (16, 256, 512): ratio=0.258, groups=4
2026-09-26 12:49:10,294 - mneme.mneme_core - INFO - Registered 'act_ckpt_605_2943667103344'. Type: quantized_group. Addr: 7f72d372
2026-09-26 12:49:10,504 - mneme.mneme_core - INFO - Group-int8_group 'act_ckpt_606_2943667103824' (16, 256, 512): ratio=0.258, groups=4
2026-09-26 12:49:13,082 - mneme.mneme_core - INFO - Registered 'act_ckpt_606_2943667103824'. Type: quantized_group. Addr: 7f72d372
2026-09-26 12:49:13,301 - mneme.mneme_core - INFO - Group-int8_group 'act_ckpt_607_2943667104464' (16, 256, 512): ratio=0.258, groups=4
2026-09-26 12:49:15,884 - mneme.mneme_core - INFO - Registered 'act_ckpt_607_2943667104464'. Type: quantized_group. Addr: 7f72d372
2026-09-26 12:49:16,102 - mneme.mneme_core - INFO - Group-int8_group 'act_ckpt_608_2943667104944' (16, 256, 512): ratio=0.258, groups=4
2026-09-26 12:49:18,683 - mneme.mneme_core - INFO - Registered 'act_ckpt_608_2943667104944'. Type: quantized_group. Addr: 7f72d372
2026-09-26 12:49:18,912 - mneme.mneme_core - INFO - Group-int8_group 'act_ckpt_609_2943667105504' (16, 256, 512): ratio=0.258, groups=4
2026-09-26 12:49:21,492 - mneme.mneme_core - INFO - Registered 'act_ckpt_609_2943667105504'. Type: quantized_group. Addr: 7f72d372
2026-09-26 12:49:21,760 - mneme.mneme_core - INFO - Group-int8_group 'act_ckpt_610_2943667105664' (16, 256, 512): ratio=0.258, groups=4
2026-09-26 12:49:24,364 - mneme.mneme_core - INFO - Registered 'act_ckpt_610_2943667105664'. Type: quantized_group. Addr: 7f72d372
2026-09-26 12:49:24,758 - mneme.mneme_core - INFO - Group-int8_group 'act_ckpt_611_2943667106704' (16, 256, 512): ratio=0.258, groups=4
2026-09-26 12:49:27,344 - mneme.mneme_core - INFO - Registered 'act_ckpt_611_2943667106704'. Type: quantized_group. Addr: 7f72d372
2026-09-26 12:49:27,635 - mneme.mneme_core - INFO - Group-int8_group 'act_ckpt_612_2943667107584' (16, 256, 512): ratio=0.258, groups=4
2026-09-26 12:49:30,210 - mneme.mneme_core - INFO - Registered 'act_ckpt_612_2943667107584'. Type: quantized_group. Addr: 7f72d372
2026-09-26 12:49:37,450 - mneme.mneme_core - INFO - Group-int8_group 'act_ckpt_613_2943666991856' (16, 256, 512): ratio=0.256, groups=4
2026-09-26 12:49:40,048 - mneme.mneme_core - INFO - Registered 'act_ckpt_613_2943666991856'. Type: quantized_group. Addr: 7f72d372
2026-09-26 12:49:40,234 - mneme.mneme_core - INFO - Group-int8_group 'act_ckpt_614_2943666993296' (16, 256, 512): ratio=0.258, groups=4
2026-09-26 12:49:42,835 - mneme.mneme_core - INFO - Registered 'act_ckpt_614_2943666993296'. Type: quantized_group. Addr: 7f72d372
2026-09-26 12:49:43,123 - mneme.mneme_core - INFO - Group-int8_group 'act_ckpt_615_2943666984016' (16, 256, 512): ratio=0.258, groups=4
2026-09-26 12:49:45,721 - mneme.mneme_core - INFO - Registered 'act_ckpt_615_2943666984016'. Type: quantized_group. Addr: 7f72d372
2026-09-26 12:49:45,916 - mneme.mneme_core - INFO - Group-int8_group 'act_ckpt_616_2943666982976' (16, 256, 512): ratio=0.258, groups=4
2026-09-26 12:49:48,595 - mneme.mneme_core - INFO - Registered 'act_ckpt_616_2943666982976'. Type: quantized_group. Addr: 7f72d372
2026-09-26 12:49:48,834 - mneme.mneme_core - INFO - Group-int8_group 'act_ckpt_617_2943666983136' (16, 256, 512): ratio=0.258, groups=4
2026-09-26 12:49:51,424 - mneme.mneme_core - INFO - Registered 'act_ckpt_617_2943666983136'. Type: quantized_group. Addr: 7f72d372
2026-09-26 12:49:51,499 - mneme.mneme_core - INFO - Group-int8_group 'act_ckpt_618_2943666982176' (16, 256, 512): ratio=0.258, groups=4
2026-09-26 12:49:54,095 - mneme.mneme_core - INFO - Registered 'act_ckpt_618_2943666982176'. Type: quantized_group. Addr: 7f72d372
2026-09-26 12:49:54,229 - mneme.mneme_core - INFO - Group-int8_group 'act_ckpt_619_2943666980976' (16, 256, 512): ratio=0.258, groups=4
2026-09-26 12:49:56,830 - mneme.mneme_core - INFO - Registered 'act_ckpt_619_2943666980976'. Type: quantized_group. Addr: 7f72d372
2026-09-26 12:49:57,073 - mneme.mneme_core - INFO - Group-int8_group 'act_ckpt_620_2943666980416' (16, 256, 512): ratio=0.258, groups=4
2026-09-26 12:49:59,674 - mneme.mneme_core - INFO - Registered 'act_ckpt_620_2943666980416'. Type: quantized_group. Addr: 7f72d372
2026-09-26 12:49:59,831 - mneme.mneme_core - INFO - Group-int8_group 'act_ckpt_621_2943666980096' (16, 256, 512): ratio=0.258, groups=4
2026-09-26 12:50:02,439 - mneme.mneme_core - INFO - Registered 'act_ckpt_621_2943666980096'. Type: quantized_group. Addr: 7f72d372
2026-09-26 12:50:02,551 - mneme.mneme_core - INFO - Group-int8_group 'act_ckpt_622_2943666979376' (16, 256, 512): ratio=0.258, groups=4
2026-09-26 12:50:05,152 - mneme.mneme_core - INFO - Registered 'act_ckpt_622_2943666979376'. Type: quantized_group. Addr: 7f72d372
2026-09-26 12:50:05,490 - mneme.mneme_core - INFO - Group-int8_group 'act_ckpt_623_2943666978976' (16, 256, 512): ratio=0.258, groups=4
2026-09-26 12:50:08,089 - mneme.mneme_core - INFO - Registered 'act_ckpt_623_2943666978976'. Type: quantized_group. Addr: 7f72d372
2026-09-26 12:50:08,292 - mneme.mneme_core - INFO - Group-int8_group 'act_ckpt_624_2943666994336' (16, 256, 512): ratio=0.258, groups=4
2026-09-26 12:50:10,896 - mneme.mneme_core - INFO - Registered 'act_ckpt_624_2943666994336'. Type: quantized_group. Addr: 7f72d372
2026-09-26 12:50:17,575 - mneme.mneme_core - INFO - Group-int8_group 'act_ckpt_625_2943667097664' (16, 256, 512): ratio=0.256, groups=4
2026-09-26 12:50:20,168 - mneme.mneme_core - INFO - Registered 'act_ckpt_625_2943667097664'. Type: quantized_group. Addr: 7f72d372
2026-09-26 12:50:20,432 - mneme.mneme_core - INFO - Group-int8_group 'act_ckpt_626_2943667106224' (16, 256, 512): ratio=0.258, groups=4
2026-09-26 12:50:23,032 - mneme.mneme_core - INFO - Registered 'act_ckpt_626_2943667106224'. Type: quantized_group. Addr: 7f72d372
2026-09-26 12:50:23,359 - mneme.mneme_core - INFO - Group-int8_group 'act_ckpt_627_2943667108624' (16, 256, 512): ratio=0.258, groups=4
2026-09-26 12:50:25,997 - mneme.mneme_core - INFO - Registered 'act_ckpt_627_2943667108624'. Type: quantized_group. Addr: 7f72d372
2026-09-26 12:50:26,336 - mneme.mneme_core - INFO - Group-int8_group 'act_ckpt_628_2943667103424' (16, 256, 512): ratio=0.258, groups=4
2026-09-26 12:50:28,930 - mneme.mneme_core - INFO - Registered 'act_ckpt_628_2943667103424'. Type: quantized_group. Addr: 7f72d372
2026-09-26 12:50:29,267 - mneme.mneme_core - INFO - Group-int8_group 'act_ckpt_629_2941441188688' (16, 256, 512): ratio=0.258, groups=4
2026-09-26 12:50:31,861 - mneme.mneme_core - INFO - Registered 'act_ckpt_629_2941441188688'. Type: quantized_group. Addr: 7f72d372
2026-09-26 12:50:32,116 - mneme.mneme_core - INFO - Group-int8_group 'act_ckpt_630_2941441193248' (16, 256, 512): ratio=0.258, groups=4
2026-09-26 12:50:34,698 - mneme.mneme_core - INFO - Registered 'act_ckpt_630_2941441193248'. Type: quantized_group. Addr: 7f72d372
2026-09-26 12:50:35,043 - mneme.mneme_core - INFO - Group-int8_group 'act_ckpt_631_2941441183008' (16, 256, 512): ratio=0.258, groups=4
2026-09-26 12:50:37,622 - mneme.mneme_core - INFO - Registered 'act_ckpt_631_2941441183008'. Type: quantized_group. Addr: 7f72d372
2026-09-26 12:50:37,970 - mneme.mneme_core - INFO - Group-int8_group 'act_ckpt_632_2941441193808' (16, 256, 512): ratio=0.258, groups=4
2026-09-26 12:50:40,558 - mneme.mneme_core - INFO - Registered 'act_ckpt_632_2941441193808'. Type: quantized_group. Addr: 7f72d372
2026-09-26 12:50:40,871 - mneme.mneme_core - INFO - Group-int8_group 'act_ckpt_633_2943666830816' (16, 256, 512): ratio=0.258, groups=4
2026-09-26 12:50:43,454 - mneme.mneme_core - INFO - Registered 'act_ckpt_633_2943666830816'. Type: quantized_group. Addr: 7f72d372
2026-09-26 12:50:43,709 - mneme.mneme_core - INFO - Group-int8_group 'act_ckpt_634_2943666754800' (16, 256, 512): ratio=0.258, groups=4
2026-09-26 12:50:46,303 - mneme.mneme_core - INFO - Registered 'act_ckpt_634_2943666754800'. Type: quantized_group. Addr: 7f72d372
2026-09-26 12:50:46,641 - mneme.mneme_core - INFO - Group-int8_group 'act_ckpt_635_2943666761040' (16, 256, 512): ratio=0.258, groups=4
2026-09-26 12:50:49,225 - mneme.mneme_core - INFO - Registered 'act_ckpt_635_2943666761040'. Type: quantized_group. Addr: 7f72d372
2026-09-26 12:50:49,497 - mneme.mneme_core - INFO - Group-int8_group 'act_ckpt_636_2943666764160' (16, 256, 512): ratio=0.258, groups=4
2026-09-26 12:50:52,078 - mneme.mneme_core - INFO - Registered 'act_ckpt_636_2943666764160'. Type: quantized_group. Addr: 7f72d372
2026-09-26 12:50:59,196 - mneme.mneme_core - INFO - Group-int8_group 'act_ckpt_637_2943666810592' (16, 256, 512): ratio=0.256, groups=4
2026-09-26 12:51:01,786 - mneme.mneme_core - INFO - Registered 'act_ckpt_637_2943666810592'. Type: quantized_group. Addr: 7f72d372
2026-09-26 12:51:02,077 - mneme.mneme_core - INFO - Group-int8_group 'act_ckpt_638_2943666807152' (16, 256, 512): ratio=0.258, groups=4
2026-09-26 12:51:04,669 - mneme.mneme_core - INFO - Registered 'act_ckpt_638_2943666807152'. Type: quantized_group. Addr: 7f72d372
2026-09-26 12:51:05,003 - mneme.mneme_core - INFO - Group-int8_group 'act_ckpt_639_2943666804432' (16, 256, 512): ratio=0.258, groups=4
2026-09-26 12:51:07,594 - mneme.mneme_core - INFO - Registered 'act_ckpt_639_2943666804432'. Type: quantized_group. Addr: 7f72d372
2026-09-26 12:51:07,961 - mneme.mneme_core - INFO - Group-int8_group 'act_ckpt_640_2941441157040' (16, 256, 512): ratio=0.258, groups=4
2026-09-26 12:51:10,562 - mneme.mneme_core - INFO - Registered 'act_ckpt_640_2941441157040'. Type: quantized_group. Addr: 7f72d372
2026-09-26 12:51:10,868 - mneme.mneme_core - INFO - Group-int8_group 'act_ckpt_641_2943666984976' (16, 256, 512): ratio=0.258, groups=4
2026-09-26 12:51:13,472 - mneme.mneme_core - INFO - Registered 'act_ckpt_641_2943666984976'. Type: quantized_group. Addr: 7f72d372
2026-09-26 12:51:13,816 - mneme.mneme_core - INFO - Group-int8_group 'act_ckpt_642_2943666988976' (16, 256, 512): ratio=0.258, groups=4
2026-09-26 12:51:16,417 - mneme.mneme_core - INFO - Registered 'act_ckpt_642_2943666988976'. Type: quantized_group. Addr: 7f72d372
2026-09-26 12:51:16,763 - mneme.mneme_core - INFO - Group-int8_group 'act_ckpt_643_2943666988096' (16, 256, 512): ratio=0.258, groups=4
2026-09-26 12:51:19,367 - mneme.mneme_core - INFO - Registered 'act_ckpt_643_2943666988096'. Type: quantized_group. Addr: 7f72d372
2026-09-26 12:51:19,666 - mneme.mneme_core - INFO - Group-int8_group 'act_ckpt_644_2943666987936' (16, 256, 512): ratio=0.258, groups=4
2026-09-26 12:51:22,258 - mneme.mneme_core - INFO - Registered 'act_ckpt_644_2943666987936'. Type: quantized_group. Addr: 7f72d372
2026-09-26 12:51:22,609 - mneme.mneme_core - INFO - Group-int8_group 'act_ckpt_645_2943666987536' (16, 256, 512): ratio=0.258, groups=4
2026-09-26 12:51:25,212 - mneme.mneme_core - INFO - Registered 'act_ckpt_645_2943666987536'. Type: quantized_group. Addr: 7f72d372
2026-09-26 12:51:25,487 - mneme.mneme_core - INFO - Group-int8_group 'act_ckpt_646_2943666987136' (16, 256, 512): ratio=0.258, groups=4
2026-09-26 12:51:28,105 - mneme.mneme_core - INFO - Registered 'act_ckpt_646_2943666987136'. Type: quantized_group. Addr: 7f72d372
2026-09-26 12:51:28,449 - mneme.mneme_core - INFO - Group-int8_group 'act_ckpt_647_2943666993616' (16, 256, 512): ratio=0.258, groups=4
2026-09-26 12:51:31,045 - mneme.mneme_core - INFO - Registered 'act_ckpt_647_2943666993616'. Type: quantized_group. Addr: 7f72d372
2026-09-26 12:51:31,288 - mneme.mneme_core - INFO - Group-int8_group 'act_ckpt_648_2943666986016' (16, 256, 512): ratio=0.258, groups=4
2026-09-26 12:51:33,914 - mneme.mneme_core - INFO - Registered 'act_ckpt_648_2943666986016'. Type: quantized_group. Addr: 7f72d372
2026-09-26 12:51:43,457 - mneme.mneme_core - INFO - Group-int8_group 'act_ckpt_649_2941440497120' (16, 256, 512): ratio=0.256, groups=4
2026-09-26 12:51:46,090 - mneme.mneme_core - INFO - Registered 'act_ckpt_649_2941440497120'. Type: quantized_group. Addr: 7f72d372
2026-09-26 12:51:46,414 - mneme.mneme_core - INFO - Group-int8_group 'act_ckpt_650_2941440501920' (16, 256, 512): ratio=0.258, groups=4
2026-09-26 12:51:48,989 - mneme.mneme_core - INFO - Registered 'act_ckpt_650_2941440501920'. Type: quantized_group. Addr: 7f72d372
2026-09-26 12:51:49,350 - mneme.mneme_core - INFO - Group-int8_group 'act_ckpt_651_2941440505280' (16, 256, 512): ratio=0.258, groups=4
2026-09-26 12:51:51,935 - mneme.mneme_core - INFO - Registered 'act_ckpt_651_2941440505280'. Type: quantized_group. Addr: 7f72d372
2026-09-26 12:51:52,246 - mneme.mneme_core - INFO - Group-int8_group 'act_ckpt_652_2941440504240' (16, 256, 512): ratio=0.258, groups=4
2026-09-26 12:51:54,832 - mneme.mneme_core - INFO - Registered 'act_ckpt_652_2941440504240'. Type: quantized_group. Addr: 7f72d372
2026-09-26 12:51:55,090 - mneme.mneme_core - INFO - Group-int8_group 'act_ckpt_653_2941440506800' (16, 256, 512): ratio=0.258, groups=4
2026-09-26 12:51:57,674 - mneme.mneme_core - INFO - Registered 'act_ckpt_653_2941440506800'. Type: quantized_group. Addr: 7f72d372
2026-09-26 12:51:58,006 - mneme.mneme_core - INFO - Group-int8_group 'act_ckpt_654_2941440503520' (16, 256, 512): ratio=0.258, groups=4
2026-09-26 12:52:00,593 - mneme.mneme_core - INFO - Registered 'act_ckpt_654_2941440503520'. Type: quantized_group. Addr: 7f72d372
2026-09-26 12:52:00,883 - mneme.mneme_core - INFO - Group-int8_group 'act_ckpt_655_2940775444912' (16, 256, 512): ratio=0.258, groups=4
2026-09-26 12:52:03,479 - mneme.mneme_core - INFO - Registered 'act_ckpt_655_2940775444912'. Type: quantized_group. Addr: 7f72d372
2026-09-26 12:52:03,806 - mneme.mneme_core - INFO - Group-int8_group 'act_ckpt_656_2943667340384' (16, 256, 512): ratio=0.258, groups=4
2026-09-26 12:52:06,404 - mneme.mneme_core - INFO - Registered 'act_ckpt_656_2943667340384'. Type: quantized_group. Addr: 7f72d372
2026-09-26 12:52:06,741 - mneme.mneme_core - INFO - Group-int8_group 'act_ckpt_657_2943667340784' (16, 256, 512): ratio=0.258, groups=4
2026-09-26 12:52:09,425 - mneme.mneme_core - INFO - Registered 'act_ckpt_657_2943667340784'. Type: quantized_group. Addr: 7f72d372
2026-09-26 12:52:09,747 - mneme.mneme_core - INFO - Group-int8_group 'act_ckpt_658_2943667341584' (16, 256, 512): ratio=0.258, groups=4
2026-09-26 12:52:12,341 - mneme.mneme_core - INFO - Registered 'act_ckpt_658_2943667341584'. Type: quantized_group. Addr: 7f72d372
2026-09-26 12:52:12,480 - mneme.mneme_core - INFO - Group-int8_group 'act_ckpt_659_2943667341904' (16, 256, 512): ratio=0.258, groups=4
2026-09-26 12:52:15,087 - mneme.mneme_core - INFO - Registered 'act_ckpt_659_2943667341904'. Type: quantized_group. Addr: 7f72d372
2026-09-26 12:52:15,368 - mneme.mneme_core - INFO - Group-int8_group 'act_ckpt_660_2943667342384' (16, 256, 512): ratio=0.258, groups=4
2026-09-26 12:52:17,999 - mneme.mneme_core - INFO - Registered 'act_ckpt_660_2943667342384'. Type: quantized_group. Addr: 7f72d372
2026-09-26 12:52:27,819 - mneme.mneme_core - INFO - Group-int8_group 'act_ckpt_661_2943667295472' (16, 256, 512): ratio=0.256, groups=4
2026-09-26 12:52:30,401 - mneme.mneme_core - INFO - Registered 'act_ckpt_661_2943667295472'. Type: quantized_group. Addr: 7f72d372
2026-09-26 12:52:30,684 - mneme.mneme_core - INFO - Group-int8_group 'act_ckpt_662_2943667297232' (16, 256, 512): ratio=0.258, groups=4
2026-09-26 12:52:33,280 - mneme.mneme_core - INFO - Registered 'act_ckpt_662_2943667297232'. Type: quantized_group. Addr: 7f72d372
2026-09-26 12:52:33,635 - mneme.mneme_core - INFO - Group-int8_group 'act_ckpt_663_2943667297952' (16, 256, 512): ratio=0.258, groups=4
2026-09-26 12:52:36,216 - mneme.mneme_core - INFO - Registered 'act_ckpt_663_2943667297952'. Type: quantized_group. Addr: 7f72d372
2026-09-26 12:52:36,489 - mneme.mneme_core - INFO - Group-int8_group 'act_ckpt_664_2943667298752' (16, 256, 512): ratio=0.258, groups=4
2026-09-26 12:52:39,070 - mneme.mneme_core - INFO - Registered 'act_ckpt_664_2943667298752'. Type: quantized_group. Addr: 7f72d372
2026-09-26 12:52:39,384 - mneme.mneme_core - INFO - Group-int8_group 'act_ckpt_665_2943667299392' (16, 256, 512): ratio=0.258, groups=4
2026-09-26 12:52:42,027 - mneme.mneme_core - INFO - Registered 'act_ckpt_665_2943667299392'. Type: quantized_group. Addr: 7f72d372
2026-09-26 12:52:42,252 - mneme.mneme_core - INFO - Group-int8_group 'act_ckpt_666_2943667301792' (16, 256, 512): ratio=0.258, groups=4
2026-09-26 12:52:44,883 - mneme.mneme_core - INFO - Registered 'act_ckpt_666_2943667301792'. Type: quantized_group. Addr: 7f72d372
2026-09-26 12:52:45,237 - mneme.mneme_core - INFO - Group-int8_group 'act_ckpt_667_2943667305792' (16, 256, 512): ratio=0.258, groups=4
2026-09-26 12:52:47,823 - mneme.mneme_core - INFO - Registered 'act_ckpt_667_2943667305792'. Type: quantized_group. Addr: 7f72d372
2026-09-26 12:52:48,043 - mneme.mneme_core - INFO - Group-int8_group 'act_ckpt_668_2943667304832' (16, 256, 512): ratio=0.258, groups=4
2026-09-26 12:52:50,630 - mneme.mneme_core - INFO - Registered 'act_ckpt_668_2943667304832'. Type: quantized_group. Addr: 7f72d372
2026-09-26 12:52:50,836 - mneme.mneme_core - INFO - Group-int8_group 'act_ckpt_669_2943667303872' (16, 256, 512): ratio=0.258, groups=4
2026-09-26 12:52:53,428 - mneme.mneme_core - INFO - Registered 'act_ckpt_669_2943667303872'. Type: quantized_group. Addr: 7f72d372
2026-09-26 12:52:53,631 - mneme.mneme_core - INFO - Group-int8_group 'act_ckpt_670_2943667302752' (16, 256, 512): ratio=0.258, groups=4
2026-09-26 12:52:56,226 - mneme.mneme_core - INFO - Registered 'act_ckpt_670_2943667302752'. Type: quantized_group. Addr: 7f72d372
2026-09-26 12:52:56,454 - mneme.mneme_core - INFO - Group-int8_group 'act_ckpt_671_2943667302272' (16, 256, 512): ratio=0.258, groups=4
2026-09-26 12:52:59,038 - mneme.mneme_core - INFO - Registered 'act_ckpt_671_2943667302272'. Type: quantized_group. Addr: 7f72d372
2026-09-26 12:52:59,360 - mneme.mneme_core - INFO - Group-int8_group 'act_ckpt_672_2943667301472' (16, 256, 512): ratio=0.258, groups=4
2026-09-26 12:53:01,945 - mneme.mneme_core - INFO - Registered 'act_ckpt_672_2943667301472'. Type: quantized_group. Addr: 7f72d372
2026-09-26 12:53:10,718 - mneme.mneme_core - INFO - Group-int8_group 'act_ckpt_673_2943667345664' (16, 256, 512): ratio=0.256, groups=4
2026-09-26 12:53:13,315 - mneme.mneme_core - INFO - Registered 'act_ckpt_673_2943667345664'. Type: quantized_group. Addr: 7f72d372
2026-09-26 12:53:13,625 - mneme.mneme_core - INFO - Group-int8_group 'act_ckpt_674_2943667347744' (16, 256, 512): ratio=0.258, groups=4
2026-09-26 12:53:16,208 - mneme.mneme_core - INFO - Registered 'act_ckpt_674_2943667347744'. Type: quantized_group. Addr: 7f72d372
2026-09-26 12:53:16,464 - mneme.mneme_core - INFO - Group-int8_group 'act_ckpt_675_2943667351264' (16, 256, 512): ratio=0.258, groups=4
2026-09-26 12:53:19,044 - mneme.mneme_core - INFO - Registered 'act_ckpt_675_2943667351264'. Type: quantized_group. Addr: 7f72d372
2026-09-26 12:53:19,391 - mneme.mneme_core - INFO - Group-int8_group 'act_ckpt_676_2943667351904' (16, 256, 512): ratio=0.258, groups=4
2026-09-26 12:53:21,977 - mneme.mneme_core - INFO - Registered 'act_ckpt_676_2943667351904'. Type: quantized_group. Addr: 7f72d372
2026-09-26 12:53:22,311 - mneme.mneme_core - INFO - Group-int8_group 'act_ckpt_677_2943667349424' (16, 256, 512): ratio=0.258, groups=4
2026-09-26 12:53:24,895 - mneme.mneme_core - INFO - Registered 'act_ckpt_677_2943667349424'. Type: quantized_group. Addr: 7f72d372
2026-09-26 12:53:25,217 - mneme.mneme_core - INFO - Group-int8_group 'act_ckpt_678_2943667352144' (16, 256, 512): ratio=0.258, groups=4
2026-09-26 12:53:27,824 - mneme.mneme_core - INFO - Registered 'act_ckpt_678_2943667352144'. Type: quantized_group. Addr: 7f72d372
2026-09-26 12:53:28,165 - mneme.mneme_core - INFO - Group-int8_group 'act_ckpt_679_2943667349664' (16, 256, 512): ratio=0.258, groups=4
2026-09-26 12:53:30,769 - mneme.mneme_core - INFO - Registered 'act_ckpt_679_2943667349664'. Type: quantized_group. Addr: 7f72d372
2026-09-26 12:53:31,109 - mneme.mneme_core - INFO - Group-int8_group 'act_ckpt_680_2943667350144' (16, 256, 512): ratio=0.258, groups=4
2026-09-26 12:53:33,726 - mneme.mneme_core - INFO - Registered 'act_ckpt_680_2943667350144'. Type: quantized_group. Addr: 7f72d372
2026-09-26 12:53:34,097 - mneme.mneme_core - INFO - Group-int8_group 'act_ckpt_681_2943667350624' (16, 256, 512): ratio=0.258, groups=4
2026-09-26 12:53:36,719 - mneme.mneme_core - INFO - Registered 'act_ckpt_681_2943667350624'. Type: quantized_group. Addr: 7f72d372
2026-09-26 12:53:37,020 - mneme.mneme_core - INFO - Group-int8_group 'act_ckpt_682_2943667353104' (16, 256, 512): ratio=0.258, groups=4
2026-09-26 12:53:39,616 - mneme.mneme_core - INFO - Registered 'act_ckpt_682_2943667353104'. Type: quantized_group. Addr: 7f72d372
2026-09-26 12:53:39,862 - mneme.mneme_core - INFO - Group-int8_group 'act_ckpt_683_2943667353584' (16, 256, 512): ratio=0.258, groups=4
2026-09-26 12:53:42,469 - mneme.mneme_core - INFO - Registered 'act_ckpt_683_2943667353584'. Type: quantized_group. Addr: 7f72d372
2026-09-26 12:53:42,811 - mneme.mneme_core - INFO - Group-int8_group 'act_ckpt_684_2943667354064' (16, 256, 512): ratio=0.258, groups=4
2026-09-26 12:53:45,416 - mneme.mneme_core - INFO - Registered 'act_ckpt_684_2943667354064'. Type: quantized_group. Addr: 7f72d372
2026-09-26 12:53:54,493 - mneme.mneme_core - INFO - Group-int8_group 'act_ckpt_685_2940775230320' (16, 256, 512): ratio=0.256, groups=4
2026-09-26 12:53:57,090 - mneme.mneme_core - INFO - Registered 'act_ckpt_685_2940775230320'. Type: quantized_group. Addr: 7f72d372
2026-09-26 12:53:57,405 - mneme.mneme_core - INFO - Group-int8_group 'act_ckpt_686_2943666811312' (16, 256, 512): ratio=0.258, groups=4
2026-09-26 12:53:59,999 - mneme.mneme_core - INFO - Registered 'act_ckpt_686_2943666811312'. Type: quantized_group. Addr: 7f72d372
2026-09-26 12:54:00,219 - mneme.mneme_core - INFO - Group-int8_group 'act_ckpt_687_2943666810112' (16, 256, 512): ratio=0.258, groups=4
2026-09-26 12:54:02,813 - mneme.mneme_core - INFO - Registered 'act_ckpt_687_2943666810112'. Type: quantized_group. Addr: 7f72d372
2026-09-26 12:54:03,036 - mneme.mneme_core - INFO - Group-int8_group 'act_ckpt_688_2943666812192' (16, 256, 512): ratio=0.258, groups=4
2026-09-26 12:54:05,648 - mneme.mneme_core - INFO - Registered 'act_ckpt_688_2943666812192'. Type: quantized_group. Addr: 7f72d372
2026-09-26 12:54:06,042 - mneme.mneme_core - INFO - Group-int8_group 'act_ckpt_689_2943666819616' (16, 256, 512): ratio=0.258, groups=4
2026-09-26 12:54:08,650 - mneme.mneme_core - INFO - Registered 'act_ckpt_689_2943666819616'. Type: quantized_group. Addr: 7f72d372
2026-09-26 12:54:08,887 - mneme.mneme_core - INFO - Group-int8_group 'act_ckpt_690_2943666822976' (16, 256, 512): ratio=0.258, groups=4
2026-09-26 12:54:11,501 - mneme.mneme_core - INFO - Registered 'act_ckpt_690_2943666822976'. Type: quantized_group. Addr: 7f72d372
2026-09-26 12:54:11,841 - mneme.mneme_core - INFO - Group-int8_group 'act_ckpt_691_2941440843504' (16, 256, 512): ratio=0.258, groups=4
2026-09-26 12:54:14,432 - mneme.mneme_core - INFO - Registered 'act_ckpt_691_2941440843504'. Type: quantized_group. Addr: 7f72d372
2026-09-26 12:54:14,649 - mneme.mneme_core - INFO - Group-int8_group 'act_ckpt_692_2943666818896' (16, 256, 512): ratio=0.258, groups=4
2026-09-26 12:54:17,244 - mneme.mneme_core - INFO - Registered 'act_ckpt_692_2943666818896'. Type: quantized_group. Addr: 7f72d372
2026-09-26 12:54:17,632 - mneme.mneme_core - INFO - Group-int8_group 'act_ckpt_693_2943666983616' (16, 256, 512): ratio=0.258, groups=4
2026-09-26 12:54:20,223 - mneme.mneme_core - INFO - Registered 'act_ckpt_693_2943666983616'. Type: quantized_group. Addr: 7f72d372
2026-09-26 12:54:20,480 - mneme.mneme_core - INFO - Group-int8_group 'act_ckpt_694_2943666982176' (16, 256, 512): ratio=0.258, groups=4
2026-09-26 12:54:23,075 - mneme.mneme_core - INFO - Registered 'act_ckpt_694_2943666982176'. Type: quantized_group. Addr: 7f72d372
2026-09-26 12:54:23,481 - mneme.mneme_core - INFO - Group-int8_group 'act_ckpt_695_2943666993616' (16, 256, 512): ratio=0.258, groups=4
2026-09-26 12:54:26,073 - mneme.mneme_core - INFO - Registered 'act_ckpt_695_2943666993616'. Type: quantized_group. Addr: 7f72d372
2026-09-26 12:54:26,370 - mneme.mneme_core - INFO - Group-int8_group 'act_ckpt_696_2943666988736' (16, 256, 512): ratio=0.258, groups=4
2026-09-26 12:54:28,951 - mneme.mneme_core - INFO - Registered 'act_ckpt_696_2943666988736'. Type: quantized_group. Addr: 7f72d372
2026-09-26 12:54:38,502 - mneme.mneme_core - INFO - Group-int8_group 'act_ckpt_697_2941441119472' (16, 256, 512): ratio=0.255, groups=4
2026-09-26 12:54:41,107 - mneme.mneme_core - INFO - Registered 'act_ckpt_697_2941441119472'. Type: quantized_group. Addr: 7f72d372
2026-09-26 12:54:41,383 - mneme.mneme_core - INFO - Group-int8_group 'act_ckpt_698_2941441118272' (16, 256, 512): ratio=0.258, groups=4
2026-09-26 12:54:43,990 - mneme.mneme_core - INFO - Registered 'act_ckpt_698_2941441118272'. Type: quantized_group. Addr: 7f72d372
2026-09-26 12:54:44,291 - mneme.mneme_core - INFO - Group-int8_group 'act_ckpt_699_2941441123152' (16, 256, 512): ratio=0.258, groups=4
2026-09-26 12:54:46,935 - mneme.mneme_core - INFO - Registered 'act_ckpt_699_2941441123152'. Type: quantized_group. Addr: 7f72d372
2026-09-26 12:54:47,279 - mneme.mneme_core - INFO - Group-int8_group 'act_ckpt_700_2941441121472' (16, 256, 512): ratio=0.258, groups=4
2026-09-26 12:54:49,900 - mneme.mneme_core - INFO - Registered 'act_ckpt_700_2941441121472'. Type: quantized_group. Addr: 7f72d372
2026-09-26 12:54:50,199 - mneme.mneme_core - INFO - Group-int8_group 'act_ckpt_701_2941441119952' (16, 256, 512): ratio=0.258, groups=4
2026-09-26 12:54:52,796 - mneme.mneme_core - INFO - Registered 'act_ckpt_701_2941441119952'. Type: quantized_group. Addr: 7f72d372
2026-09-26 12:54:53,132 - mneme.mneme_core - INFO - Group-int8_group 'act_ckpt_702_2941441119312' (16, 256, 512): ratio=0.258, groups=4
2026-09-26 12:54:55,726 - mneme.mneme_core - INFO - Registered 'act_ckpt_702_2941441119312'. Type: quantized_group. Addr: 7f72d372
2026-09-26 12:54:56,010 - mneme.mneme_core - INFO - Group-int8_group 'act_ckpt_703_2941441118352' (16, 256, 512): ratio=0.258, groups=4
2026-09-26 12:54:58,620 - mneme.mneme_core - INFO - Registered 'act_ckpt_703_2941441118352'. Type: quantized_group. Addr: 7f72d372
2026-09-26 12:54:58,961 - mneme.mneme_core - INFO - Group-int8_group 'act_ckpt_704_2941441118672' (16, 256, 512): ratio=0.258, groups=4
2026-09-26 12:55:01,676 - mneme.mneme_core - INFO - Registered 'act_ckpt_704_2941441118672'. Type: quantized_group. Addr: 7f72d372
2026-09-26 12:55:02,097 - mneme.mneme_core - INFO - Group-int8_group 'act_ckpt_705_2943667291712' (16, 256, 512): ratio=0.258, groups=4
2026-09-26 12:55:04,673 - mneme.mneme_core - INFO - Registered 'act_ckpt_705_2943667291712'. Type: quantized_group. Addr: 7f72d372
2026-09-26 12:55:04,805 - mneme.mneme_core - INFO - Group-int8_group 'act_ckpt_706_2943667292592' (16, 256, 512): ratio=0.258, groups=4
2026-09-26 12:55:07,381 - mneme.mneme_core - INFO - Registered 'act_ckpt_706_2943667292592'. Type: quantized_group. Addr: 7f72d372
2026-09-26 12:55:07,619 - mneme.mneme_core - INFO - Group-int8_group 'act_ckpt_707_2943667291552' (16, 256, 512): ratio=0.258, groups=4
2026-09-26 12:55:10,194 - mneme.mneme_core - INFO - Registered 'act_ckpt_707_2943667291552'. Type: quantized_group. Addr: 7f72d372
2026-09-26 12:55:10,525 - mneme.mneme_core - INFO - Group-int8_group 'act_ckpt_708_2943667293712' (16, 256, 512): ratio=0.258, groups=4
2026-09-26 12:55:13,109 - mneme.mneme_core - INFO - Registered 'act_ckpt_708_2943667293712'. Type: quantized_group. Addr: 7f72d372
2026-09-26 12:55:22,521 - mneme.mneme_core - INFO - Group-int8_group 'act_ckpt_709_2943666829856' (16, 256, 512): ratio=0.256, groups=4
2026-09-26 12:55:25,103 - mneme.mneme_core - INFO - Registered 'act_ckpt_709_2943666829856'. Type: quantized_group. Addr: 7f72d372
2026-09-26 12:55:25,424 - mneme.mneme_core - INFO - Group-int8_group 'act_ckpt_710_2943666820256' (16, 256, 512): ratio=0.258, groups=4
2026-09-26 12:55:28,014 - mneme.mneme_core - INFO - Registered 'act_ckpt_710_2943666820256'. Type: quantized_group. Addr: 7f72d372
2026-09-26 12:55:28,397 - mneme.mneme_core - INFO - Group-int8_group 'act_ckpt_711_2943667504464' (16, 256, 512): ratio=0.258, groups=4
2026-09-26 12:55:30,974 - mneme.mneme_core - INFO - Registered 'act_ckpt_711_2943667504464'. Type: quantized_group. Addr: 7f72d372
2026-09-26 12:55:31,228 - mneme.mneme_core - INFO - Group-int8_group 'act_ckpt_712_2943667504704' (16, 256, 512): ratio=0.258, groups=4
2026-09-26 12:55:33,803 - mneme.mneme_core - INFO - Registered 'act_ckpt_712_2943667504704'. Type: quantized_group. Addr: 7f72d372
2026-09-26 12:55:34,228 - mneme.mneme_core - INFO - Group-int8_group 'act_ckpt_713_2943667504624' (16, 256, 512): ratio=0.258, groups=4
2026-09-26 12:55:36,810 - mneme.mneme_core - INFO - Registered 'act_ckpt_713_2943667504624'. Type: quantized_group. Addr: 7f72d372
2026-09-26 12:55:37,241 - mneme.mneme_core - INFO - Group-int8_group 'act_ckpt_714_2943667514064' (16, 256, 512): ratio=0.258, groups=4
2026-09-26 12:55:39,827 - mneme.mneme_core - INFO - Registered 'act_ckpt_714_2943667514064'. Type: quantized_group. Addr: 7f72d372
2026-09-26 12:55:40,190 - mneme.mneme_core - INFO - Group-int8_group 'act_ckpt_715_2943667506224' (16, 256, 512): ratio=0.258, groups=4
2026-09-26 12:55:42,785 - mneme.mneme_core - INFO - Registered 'act_ckpt_715_2943667506224'. Type: quantized_group. Addr: 7f72d372
2026-09-26 12:55:43,174 - mneme.mneme_core - INFO - Group-int8_group 'act_ckpt_716_2943667506624' (16, 256, 512): ratio=0.258, groups=4
2026-09-26 12:55:45,766 - mneme.mneme_core - INFO - Registered 'act_ckpt_716_2943667506624'. Type: quantized_group. Addr: 7f72d372
2026-09-26 12:55:46,105 - mneme.mneme_core - INFO - Group-int8_group 'act_ckpt_717_2943667507264' (16, 256, 512): ratio=0.258, groups=4
2026-09-26 12:55:48,684 - mneme.mneme_core - INFO - Registered 'act_ckpt_717_2943667507264'. Type: quantized_group. Addr: 7f72d372
2026-09-26 12:55:49,082 - mneme.mneme_core - INFO - Group-int8_group 'act_ckpt_718_2943667507424' (16, 256, 512): ratio=0.258, groups=4
2026-09-26 12:55:51,663 - mneme.mneme_core - INFO - Registered 'act_ckpt_718_2943667507424'. Type: quantized_group. Addr: 7f72d372
2026-09-26 12:55:52,071 - mneme.mneme_core - INFO - Group-int8_group 'act_ckpt_719_2943667507104' (16, 256, 512): ratio=0.258, groups=4
2026-09-26 12:55:54,651 - mneme.mneme_core - INFO - Registered 'act_ckpt_719_2943667507104'. Type: quantized_group. Addr: 7f72d372
2026-09-26 12:55:55,063 - mneme.mneme_core - INFO - Group-int8_group 'act_ckpt_720_2943667509184' (16, 256, 512): ratio=0.258, groups=4
2026-09-26 12:55:57,653 - mneme.mneme_core - INFO - Registered 'act_ckpt_720_2943667509184'. Type: quantized_group. Addr: 7f72d372
2026-09-26 12:56:07,949 - mneme.mneme_core - INFO - Group-int8_group 'act_ckpt_721_2943667290512' (16, 256, 512): ratio=0.255, groups=4
2026-09-26 12:56:10,527 - mneme.mneme_core - INFO - Registered 'act_ckpt_721_2943667290512'. Type: quantized_group. Addr: 7f72d372
2026-09-26 12:56:10,805 - mneme.mneme_core - INFO - Group-int8_group 'act_ckpt_722_2943667294352' (16, 256, 512): ratio=0.258, groups=4
2026-09-26 12:56:13,398 - mneme.mneme_core - INFO - Registered 'act_ckpt_722_2943667294352'. Type: quantized_group. Addr: 7f72d372
2026-09-26 12:56:13,765 - mneme.mneme_core - INFO - Group-int8_group 'act_ckpt_723_2943667296832' (16, 256, 512): ratio=0.258, groups=4
2026-09-26 12:56:16,345 - mneme.mneme_core - INFO - Registered 'act_ckpt_723_2943667296832'. Type: quantized_group. Addr: 7f72d372
2026-09-26 12:56:16,617 - mneme.mneme_core - INFO - Group-int8_group 'act_ckpt_724_2943667293232' (16, 256, 512): ratio=0.258, groups=4
2026-09-26 12:56:19,194 - mneme.mneme_core - INFO - Registered 'act_ckpt_724_2943667293232'. Type: quantized_group. Addr: 7f72d372
2026-09-26 12:56:19,555 - mneme.mneme_core - INFO - Group-int8_group 'act_ckpt_725_2943667290912' (16, 256, 512): ratio=0.258, groups=4
2026-09-26 12:56:22,137 - mneme.mneme_core - INFO - Registered 'act_ckpt_725_2943667290912'. Type: quantized_group. Addr: 7f72d372
2026-09-26 12:56:22,410 - mneme.mneme_core - INFO - Group-int8_group 'act_ckpt_726_2943666810832' (16, 256, 512): ratio=0.258, groups=4
2026-09-26 12:56:24,991 - mneme.mneme_core - INFO - Registered 'act_ckpt_726_2943666810832'. Type: quantized_group. Addr: 7f72d372
2026-09-26 12:56:25,370 - mneme.mneme_core - INFO - Group-int8_group 'act_ckpt_727_2941441114192' (16, 256, 512): ratio=0.258, groups=4
2026-09-26 12:56:27,976 - mneme.mneme_core - INFO - Registered 'act_ckpt_727_2941441114192'. Type: quantized_group. Addr: 7f72d372
2026-09-26 12:56:28,356 - mneme.mneme_core - INFO - Group-int8_group 'act_ckpt_728_2941441119072' (16, 256, 512): ratio=0.258, groups=4
2026-09-26 12:56:30,944 - mneme.mneme_core - INFO - Registered 'act_ckpt_728_2941441119072'. Type: quantized_group. Addr: 7f72d372
2026-09-26 12:56:31,287 - mneme.mneme_core - INFO - Group-int8_group 'act_ckpt_729_2943667355184' (16, 256, 512): ratio=0.258, groups=4
2026-09-26 12:56:33,867 - mneme.mneme_core - INFO - Registered 'act_ckpt_729_2943667355184'. Type: quantized_group. Addr: 7f72d372
2026-09-26 12:56:34,267 - mneme.mneme_core - INFO - Group-int8_group 'act_ckpt_730_2943667342304' (16, 256, 512): ratio=0.258, groups=4
2026-09-26 12:56:36,848 - mneme.mneme_core - INFO - Registered 'act_ckpt_730_2943667342304'. Type: quantized_group. Addr: 7f72d372
2026-09-26 12:56:37,172 - mneme.mneme_core - INFO - Group-int8_group 'act_ckpt_731_2943667353824' (16, 256, 512): ratio=0.258, groups=4
2026-09-26 12:56:39,754 - mneme.mneme_core - INFO - Registered 'act_ckpt_731_2943667353824'. Type: quantized_group. Addr: 7f72d372
2026-09-26 12:56:40,024 - mneme.mneme_core - INFO - Group-int8_group 'act_ckpt_732_2943667351824' (16, 256, 512): ratio=0.258, groups=4
2026-09-26 12:56:42,610 - mneme.mneme_core - INFO - Registered 'act_ckpt_732_2943667351824'. Type: quantized_group. Addr: 7f72d372
2026-09-26 12:56:52,488 - mneme.mneme_core - INFO - Group-int8_group 'act_ckpt_733_2943667514624' (16, 256, 512): ratio=0.256, groups=4
2026-09-26 12:56:55,056 - mneme.mneme_core - INFO - Registered 'act_ckpt_733_2943667514624'. Type: quantized_group. Addr: 7f72d372
2026-09-26 12:56:55,393 - mneme.mneme_core - INFO - Group-int8_group 'act_ckpt_734_2943667514864' (16, 256, 512): ratio=0.258, groups=4
2026-09-26 12:56:57,973 - mneme.mneme_core - INFO - Registered 'act_ckpt_734_2943667514864'. Type: quantized_group. Addr: 7f72d372
2026-09-26 12:56:58,357 - mneme.mneme_core - INFO - Group-int8_group 'act_ckpt_735_2943667515104' (16, 256, 512): ratio=0.258, groups=4
2026-09-26 12:57:00,936 - mneme.mneme_core - INFO - Registered 'act_ckpt_735_2943667515104'. Type: quantized_group. Addr: 7f72d372
2026-09-26 12:57:01,219 - mneme.mneme_core - INFO - Group-int8_group 'act_ckpt_736_2943667515744' (16, 256, 512): ratio=0.258, groups=4
2026-09-26 12:57:03,794 - mneme.mneme_core - INFO - Registered 'act_ckpt_736_2943667515744'. Type: quantized_group. Addr: 7f72d372
2026-09-26 12:57:04,160 - mneme.mneme_core - INFO - Group-int8_group 'act_ckpt_737_2943667516864' (16, 256, 512): ratio=0.258, groups=4
2026-09-26 12:57:06,734 - mneme.mneme_core - INFO - Registered 'act_ckpt_737_2943667516864'. Type: quantized_group. Addr: 7f72d372
2026-09-26 12:57:07,001 - mneme.mneme_core - INFO - Group-int8_group 'act_ckpt_738_2943667516304' (16, 256, 512): ratio=0.258, groups=4
2026-09-26 12:57:09,579 - mneme.mneme_core - INFO - Registered 'act_ckpt_738_2943667516304'. Type: quantized_group. Addr: 7f72d372
2026-09-26 12:57:09,954 - mneme.mneme_core - INFO - Group-int8_group 'act_ckpt_739_2943667516624' (16, 256, 512): ratio=0.258, groups=4
2026-09-26 12:57:12,526 - mneme.mneme_core - INFO - Registered 'act_ckpt_739_2943667516624'. Type: quantized_group. Addr: 7f72d372
2026-09-26 12:57:12,812 - mneme.mneme_core - INFO - Group-int8_group 'act_ckpt_740_2943667517264' (16, 256, 512): ratio=0.258, groups=4
2026-09-26 12:57:15,397 - mneme.mneme_core - INFO - Registered 'act_ckpt_740_2943667517264'. Type: quantized_group. Addr: 7f72d372
2026-09-26 12:57:15,762 - mneme.mneme_core - INFO - Group-int8_group 'act_ckpt_741_2943667517584' (16, 256, 512): ratio=0.258, groups=4
2026-09-26 12:57:18,386 - mneme.mneme_core - INFO - Registered 'act_ckpt_741_2943667517584'. Type: quantized_group. Addr: 7f72d372
2026-09-26 12:57:18,762 - mneme.mneme_core - INFO - Group-int8_group 'act_ckpt_742_2943667517984' (16, 256, 512): ratio=0.258, groups=4
2026-09-26 12:57:21,328 - mneme.mneme_core - INFO - Registered 'act_ckpt_742_2943667517984'. Type: quantized_group. Addr: 7f72d372
2026-09-26 12:57:21,606 - mneme.mneme_core - INFO - Group-int8_group 'act_ckpt_743_2943667518464' (16, 256, 512): ratio=0.258, groups=4
2026-09-26 12:57:24,179 - mneme.mneme_core - INFO - Registered 'act_ckpt_743_2943667518464'. Type: quantized_group. Addr: 7f72d372
2026-09-26 12:57:24,553 - mneme.mneme_core - INFO - Group-int8_group 'act_ckpt_744_2943667518944' (16, 256, 512): ratio=0.258, groups=4
2026-09-26 12:57:27,186 - mneme.mneme_core - INFO - Registered 'act_ckpt_744_2943667518944'. Type: quantized_group. Addr: 7f72d372
2026-09-26 12:57:36,824 - mneme.mneme_core - INFO - Group-int8_group 'act_ckpt_745_2941441332304' (16, 256, 512): ratio=0.255, groups=4
2026-09-26 12:57:39,393 - mneme.mneme_core - INFO - Registered 'act_ckpt_745_2941441332304'. Type: quantized_group. Addr: 7f72d372
2026-09-26 12:57:39,752 - mneme.mneme_core - INFO - Group-int8_group 'act_ckpt_746_2941441334224' (16, 256, 512): ratio=0.258, groups=4
2026-09-26 12:57:42,331 - mneme.mneme_core - INFO - Registered 'act_ckpt_746_2941441334224'. Type: quantized_group. Addr: 7f72d372
2026-09-26 12:57:42,600 - mneme.mneme_core - INFO - Group-int8_group 'act_ckpt_747_2941441334784' (16, 256, 512): ratio=0.258, groups=4
2026-09-26 12:57:45,185 - mneme.mneme_core - INFO - Registered 'act_ckpt_747_2941441334784'. Type: quantized_group. Addr: 7f72d372
2026-09-26 12:57:45,547 - mneme.mneme_core - INFO - Group-int8_group 'act_ckpt_748_2943667652960' (16, 256, 512): ratio=0.258, groups=4
2026-09-26 12:57:48,118 - mneme.mneme_core - INFO - Registered 'act_ckpt_748_2943667652960'. Type: quantized_group. Addr: 7f72d372
2026-09-26 12:57:48,385 - mneme.mneme_core - INFO - Group-int8_group 'act_ckpt_749_2943667653440' (16, 256, 512): ratio=0.258, groups=4
2026-09-26 12:57:50,963 - mneme.mneme_core - INFO - Registered 'act_ckpt_749_2943667653440'. Type: quantized_group. Addr: 7f72d372
2026-09-26 12:57:51,220 - mneme.mneme_core - INFO - Group-int8_group 'act_ckpt_750_2943667654160' (16, 256, 512): ratio=0.258, groups=4
2026-09-26 12:57:53,800 - mneme.mneme_core - INFO - Registered 'act_ckpt_750_2943667654160'. Type: quantized_group. Addr: 7f72d372
2026-09-26 12:57:54,182 - mneme.mneme_core - INFO - Group-int8_group 'act_ckpt_751_2943667654800' (16, 256, 512): ratio=0.258, groups=4
2026-09-26 12:57:56,760 - mneme.mneme_core - INFO - Registered 'act_ckpt_751_2943667654800'. Type: quantized_group. Addr: 7f72d372
2026-09-26 12:57:57,003 - mneme.mneme_core - INFO - Group-int8_group 'act_ckpt_752_2943667655200' (16, 256, 512): ratio=0.258, groups=4
2026-09-26 12:57:59,591 - mneme.mneme_core - INFO - Registered 'act_ckpt_752_2943667655200'. Type: quantized_group. Addr: 7f72d372
2026-09-26 12:57:59,981 - mneme.mneme_core - INFO - Group-int8_group 'act_ckpt_753_2943667656320' (16, 256, 512): ratio=0.258, groups=4
2026-09-26 12:58:02,561 - mneme.mneme_core - INFO - Registered 'act_ckpt_753_2943667656320'. Type: quantized_group. Addr: 7f72d372
2026-09-26 12:58:02,906 - mneme.mneme_core - INFO - Group-int8_group 'act_ckpt_754_2943667657600' (16, 256, 512): ratio=0.258, groups=4
2026-09-26 12:58:05,486 - mneme.mneme_core - INFO - Registered 'act_ckpt_754_2943667657600'. Type: quantized_group. Addr: 7f72d372
2026-09-26 12:58:05,777 - mneme.mneme_core - INFO - Group-int8_group 'act_ckpt_755_2943667658560' (16, 256, 512): ratio=0.258, groups=4
2026-09-26 12:58:08,379 - mneme.mneme_core - INFO - Registered 'act_ckpt_755_2943667658560'. Type: quantized_group. Addr: 7f72d372
2026-09-26 12:58:08,617 - mneme.mneme_core - INFO - Group-int8_group 'act_ckpt_756_2943667658480' (16, 256, 512): ratio=0.258, groups=4
2026-09-26 12:58:11,227 - mneme.mneme_core - INFO - Registered 'act_ckpt_756_2943667658480'. Type: quantized_group. Addr: 7f72d372
2026-09-26 12:58:20,659 - mneme.mneme_core - INFO - Group-int8_group 'act_ckpt_757_2941441365632' (16, 256, 512): ratio=0.256, groups=4
2026-09-26 12:58:23,241 - mneme.mneme_core - INFO - Registered 'act_ckpt_757_2941441365632'. Type: quantized_group. Addr: 7f72d372
2026-09-26 12:58:23,488 - mneme.mneme_core - INFO - Group-int8_group 'act_ckpt_758_2941441362272' (16, 256, 512): ratio=0.258, groups=4
2026-09-26 12:58:26,066 - mneme.mneme_core - INFO - Registered 'act_ckpt_758_2941441362272'. Type: quantized_group. Addr: 7f72d372
2026-09-26 12:58:26,430 - mneme.mneme_core - INFO - Group-int8_group 'act_ckpt_759_2943667101344' (16, 256, 512): ratio=0.258, groups=4
2026-09-26 12:58:29,011 - mneme.mneme_core - INFO - Registered 'act_ckpt_759_2943667101344'. Type: quantized_group. Addr: 7f72d372
2026-09-26 12:58:29,337 - mneme.mneme_core - INFO - Group-int8_group 'act_ckpt_760_2943667518784' (16, 256, 512): ratio=0.258, groups=4
2026-09-26 12:58:31,910 - mneme.mneme_core - INFO - Registered 'act_ckpt_760_2943667518784'. Type: quantized_group. Addr: 7f72d372
2026-09-26 12:58:32,188 - mneme.mneme_core - INFO - Group-int8_group 'act_ckpt_761_2943667516544' (16, 256, 512): ratio=0.258, groups=4
2026-09-26 12:58:34,761 - mneme.mneme_core - INFO - Registered 'act_ckpt_761_2943667516544'. Type: quantized_group. Addr: 7f72d372
2026-09-26 12:58:35,129 - mneme.mneme_core - INFO - Group-int8_group 'act_ckpt_762_2943667512784' (16, 256, 512): ratio=0.258, groups=4
2026-09-26 12:58:37,706 - mneme.mneme_core - INFO - Registered 'act_ckpt_762_2943667512784'. Type: quantized_group. Addr: 7f72d372
2026-09-26 12:58:37,980 - mneme.mneme_core - INFO - Group-int8_group 'act_ckpt_763_2943667514784' (16, 256, 512): ratio=0.258, groups=4
2026-09-26 12:58:40,557 - mneme.mneme_core - INFO - Registered 'act_ckpt_763_2943667514784'. Type: quantized_group. Addr: 7f72d372
2026-09-26 12:58:40,926 - mneme.mneme_core - INFO - Group-int8_group 'act_ckpt_764_2943667515584' (16, 256, 512): ratio=0.258, groups=4
2026-09-26 12:58:43,507 - mneme.mneme_core - INFO - Registered 'act_ckpt_764_2943667515584'. Type: quantized_group. Addr: 7f72d372
2026-09-26 12:58:43,779 - mneme.mneme_core - INFO - Group-int8_group 'act_ckpt_765_2941440591664' (16, 256, 512): ratio=0.258, groups=4
2026-09-26 12:58:46,370 - mneme.mneme_core - INFO - Registered 'act_ckpt_765_2941440591664'. Type: quantized_group. Addr: 7f72d372
2026-09-26 12:58:46,732 - mneme.mneme_core - INFO - Group-int8_group 'act_ckpt_766_2943667518704' (16, 256, 512): ratio=0.258, groups=4
2026-09-26 12:58:49,312 - mneme.mneme_core - INFO - Registered 'act_ckpt_766_2943667518704'. Type: quantized_group. Addr: 7f72d372
2026-09-26 12:58:49,583 - mneme.mneme_core - INFO - Group-int8_group 'act_ckpt_767_2943666994816' (16, 256, 512): ratio=0.258, groups=4
2026-09-26 12:58:52,165 - mneme.mneme_core - INFO - Registered 'act_ckpt_767_2943666994816'. Type: quantized_group. Addr: 7f72d372
2026-09-26 12:58:52,531 - mneme.mneme_core - INFO - Group-int8_group 'act_ckpt_768_2943667666080' (16, 256, 512): ratio=0.258, groups=4
2026-09-26 12:58:55,113 - mneme.mneme_core - INFO - Registered 'act_ckpt_768_2943667666080'. Type: quantized_group. Addr: 7f72d372
2026-09-26 12:59:04,631 - mneme.mneme_core - INFO - Group-int8_group 'act_ckpt_769_2943667541952' (16, 256, 512): ratio=0.256, groups=4
2026-09-26 12:59:07,206 - mneme.mneme_core - INFO - Registered 'act_ckpt_769_2943667541952'. Type: quantized_group. Addr: 7f72d372
2026-09-26 12:59:07,541 - mneme.mneme_core - INFO - Group-int8_group 'act_ckpt_770_2943667544032' (16, 256, 512): ratio=0.258, groups=4
2026-09-26 12:59:10,121 - mneme.mneme_core - INFO - Registered 'act_ckpt_770_2943667544032'. Type: quantized_group. Addr: 7f72d372
2026-09-26 12:59:10,390 - mneme.mneme_core - INFO - Group-int8_group 'act_ckpt_771_2943667544432' (16, 256, 512): ratio=0.258, groups=4
2026-09-26 12:59:12,993 - mneme.mneme_core - INFO - Registered 'act_ckpt_771_2943667544432'. Type: quantized_group. Addr: 7f72d372
2026-09-26 12:59:13,332 - mneme.mneme_core - INFO - Group-int8_group 'act_ckpt_772_2943667544832' (16, 256, 512): ratio=0.258, groups=4
2026-09-26 12:59:15,950 - mneme.mneme_core - INFO - Registered 'act_ckpt_772_2943667544832'. Type: quantized_group. Addr: 7f72d372
2026-09-26 12:59:16,318 - mneme.mneme_core - INFO - Group-int8_group 'act_ckpt_773_2943667545872' (16, 256, 512): ratio=0.258, groups=4
2026-09-26 12:59:18,970 - mneme.mneme_core - INFO - Registered 'act_ckpt_773_2943667545872'. Type: quantized_group. Addr: 7f72d372
2026-09-26 12:59:19,320 - mneme.mneme_core - INFO - Group-int8_group 'act_ckpt_774_2943667546192' (16, 256, 512): ratio=0.258, groups=4
2026-09-26 12:59:21,970 - mneme.mneme_core - INFO - Registered 'act_ckpt_774_2943667546192'. Type: quantized_group. Addr: 7f72d372
2026-09-26 12:59:22,328 - mneme.mneme_core - INFO - Group-int8_group 'act_ckpt_775_2943667546512' (16, 256, 512): ratio=0.258, groups=4
2026-09-26 12:59:24,989 - mneme.mneme_core - INFO - Registered 'act_ckpt_775_2943667546512'. Type: quantized_group. Addr: 7f72d372
2026-09-26 12:59:25,320 - mneme.mneme_core - INFO - Group-int8_group 'act_ckpt_776_2943667545472' (16, 256, 512): ratio=0.258, groups=4
2026-09-26 12:59:27,906 - mneme.mneme_core - INFO - Registered 'act_ckpt_776_2943667545472'. Type: quantized_group. Addr: 7f72d372
2026-09-26 12:59:28,174 - mneme.mneme_core - INFO - Group-int8_group 'act_ckpt_777_2943667547472' (16, 256, 512): ratio=0.258, groups=4
2026-09-26 12:59:30,758 - mneme.mneme_core - INFO - Registered 'act_ckpt_777_2943667547472'. Type: quantized_group. Addr: 7f72d372
2026-09-26 12:59:31,121 - mneme.mneme_core - INFO - Group-int8_group 'act_ckpt_778_2943667547632' (16, 256, 512): ratio=0.258, groups=4
2026-09-26 12:59:33,704 - mneme.mneme_core - INFO - Registered 'act_ckpt_778_2943667547632'. Type: quantized_group. Addr: 7f72d372
2026-09-26 12:59:33,963 - mneme.mneme_core - INFO - Group-int8_group 'act_ckpt_779_2943667548352' (16, 256, 512): ratio=0.258, groups=4
2026-09-26 12:59:36,546 - mneme.mneme_core - INFO - Registered 'act_ckpt_779_2943667548352'. Type: quantized_group. Addr: 7f72d372
2026-09-26 12:59:36,919 - mneme.mneme_core - INFO - Group-int8_group 'act_ckpt_780_2943667548992' (16, 256, 512): ratio=0.258, groups=4
2026-09-26 12:59:39,507 - mneme.mneme_core - INFO - Registered 'act_ckpt_780_2943667548992'. Type: quantized_group. Addr: 7f72d372
2026-09-26 12:59:49,558 - mneme.mneme_core - INFO - Group-int8_group 'act_ckpt_781_2943667357008' (16, 256, 512): ratio=0.256, groups=4
2026-09-26 12:59:52,130 - mneme.mneme_core - INFO - Registered 'act_ckpt_781_2943667357008'. Type: quantized_group. Addr: 7f72d372
2026-09-26 12:59:52,508 - mneme.mneme_core - INFO - Group-int8_group 'act_ckpt_782_2941440591184' (16, 256, 512): ratio=0.258, groups=4
2026-09-26 12:59:55,088 - mneme.mneme_core - INFO - Registered 'act_ckpt_782_2941440591184'. Type: quantized_group. Addr: 7f72d372
2026-09-26 12:59:55,361 - mneme.mneme_core - INFO - Group-int8_group 'act_ckpt_783_2943667359248' (16, 256, 512): ratio=0.258, groups=4
2026-09-26 12:59:57,939 - mneme.mneme_core - INFO - Registered 'act_ckpt_783_2943667359248'. Type: quantized_group. Addr: 7f72d372
2026-09-26 12:59:58,316 - mneme.mneme_core - INFO - Group-int8_group 'act_ckpt_784_2943667359968' (16, 256, 512): ratio=0.258, groups=4
2026-09-26 13:00:00,918 - mneme.mneme_core - INFO - Registered 'act_ckpt_784_2943667359968'. Type: quantized_group. Addr: 7f72d372
2026-09-26 13:00:01,308 - mneme.mneme_core - INFO - Group-int8_group 'act_ckpt_785_2943667360128' (16, 256, 512): ratio=0.258, groups=4
2026-09-26 13:00:03,894 - mneme.mneme_core - INFO - Registered 'act_ckpt_785_2943667360128'. Type: quantized_group. Addr: 7f72d372
2026-09-26 13:00:04,176 - mneme.mneme_core - INFO - Group-int8_group 'act_ckpt_786_2943667362048' (16, 256, 512): ratio=0.258, groups=4
2026-09-26 13:00:06,757 - mneme.mneme_core - INFO - Registered 'act_ckpt_786_2943667362048'. Type: quantized_group. Addr: 7f72d372
2026-09-26 13:00:07,112 - mneme.mneme_core - INFO - Group-int8_group 'act_ckpt_787_2943667366608' (16, 256, 512): ratio=0.258, groups=4
2026-09-26 13:00:09,688 - mneme.mneme_core - INFO - Registered 'act_ckpt_787_2943667366608'. Type: quantized_group. Addr: 7f72d372
2026-09-26 13:00:09,961 - mneme.mneme_core - INFO - Group-int8_group 'act_ckpt_788_2943667358928' (16, 256, 512): ratio=0.258, groups=4
2026-09-26 13:00:12,542 - mneme.mneme_core - INFO - Registered 'act_ckpt_788_2943667358928'. Type: quantized_group. Addr: 7f72d372
2026-09-26 13:00:12,902 - mneme.mneme_core - INFO - Group-int8_group 'act_ckpt_789_2943666760720' (16, 256, 512): ratio=0.258, groups=4
2026-09-26 13:00:15,490 - mneme.mneme_core - INFO - Registered 'act_ckpt_789_2943666760720'. Type: quantized_group. Addr: 7f72d372
2026-09-26 13:00:15,757 - mneme.mneme_core - INFO - Group-int8_group 'act_ckpt_790_2943666763200' (16, 256, 512): ratio=0.258, groups=4
2026-09-26 13:00:18,341 - mneme.mneme_core - INFO - Registered 'act_ckpt_790_2943666763200'. Type: quantized_group. Addr: 7f72d372
2026-09-26 13:00:18,714 - mneme.mneme_core - INFO - Group-int8_group 'act_ckpt_791_2943666749520' (16, 256, 512): ratio=0.258, groups=4
2026-09-26 13:00:21,295 - mneme.mneme_core - INFO - Registered 'act_ckpt_791_2943666749520'. Type: quantized_group. Addr: 7f72d372
2026-09-26 13:00:21,559 - mneme.mneme_core - INFO - Group-int8_group 'act_ckpt_792_2940775470000' (16, 256, 512): ratio=0.258, groups=4
2026-09-26 13:00:24,151 - mneme.mneme_core - INFO - Registered 'act_ckpt_792_2940775470000'. Type: quantized_group. Addr: 7f72d372
2026-09-26 13:00:34,030 - mneme.mneme_core - INFO - Group-int8_group 'act_ckpt_793_2943667665440' (16, 256, 512): ratio=0.255, groups=4
2026-09-26 13:00:36,620 - mneme.mneme_core - INFO - Registered 'act_ckpt_793_2943667665440'. Type: quantized_group. Addr: 7f72d372
2026-09-26 13:00:37,002 - mneme.mneme_core - INFO - Group-int8_group 'act_ckpt_794_2943667662560' (16, 256, 512): ratio=0.258, groups=4
2026-09-26 13:00:39,636 - mneme.mneme_core - INFO - Registered 'act_ckpt_794_2943667662560'. Type: quantized_group. Addr: 7f72d372
2026-09-26 13:00:40,005 - mneme.mneme_core - INFO - Group-int8_group 'act_ckpt_795_2943667663440' (16, 256, 512): ratio=0.258, groups=4
2026-09-26 13:00:42,581 - mneme.mneme_core - INFO - Registered 'act_ckpt_795_2943667663440'. Type: quantized_group. Addr: 7f72d372
2026-09-26 13:00:42,986 - mneme.mneme_core - INFO - Group-int8_group 'act_ckpt_796_2943667663520' (16, 256, 512): ratio=0.258, groups=4
2026-09-26 13:00:45,573 - mneme.mneme_core - INFO - Registered 'act_ckpt_796_2943667663520'. Type: quantized_group. Addr: 7f72d372
2026-09-26 13:00:45,977 - mneme.mneme_core - INFO - Group-int8_group 'act_ckpt_797_2943667656000' (16, 256, 512): ratio=0.258, groups=4
2026-09-26 13:00:48,548 - mneme.mneme_core - INFO - Registered 'act_ckpt_797_2943667656000'. Type: quantized_group. Addr: 7f72d372
2026-09-26 13:00:48,966 - mneme.mneme_core - INFO - Group-int8_group 'act_ckpt_798_2943667664880' (16, 256, 512): ratio=0.258, groups=4
2026-09-26 13:00:51,564 - mneme.mneme_core - INFO - Registered 'act_ckpt_798_2943667664880'. Type: quantized_group. Addr: 7f72d372
2026-09-26 13:00:51,973 - mneme.mneme_core - INFO - Group-int8_group 'act_ckpt_799_2943667665760' (16, 256, 512): ratio=0.258, groups=4
2026-09-26 13:00:54,552 - mneme.mneme_core - INFO - Registered 'act_ckpt_799_2943667665760'. Type: quantized_group. Addr: 7f72d372
2026-09-26 13:00:54,969 - mneme.mneme_core - INFO - Group-int8_group 'act_ckpt_800_2943667656640' (16, 256, 512): ratio=0.258, groups=4
2026-09-26 13:00:57,547 - mneme.mneme_core - INFO - Registered 'act_ckpt_800_2943667656640'. Type: quantized_group. Addr: 7f72d372
2026-09-26 13:00:57,965 - mneme.mneme_core - INFO - Group-int8_group 'act_ckpt_801_2943667663200' (16, 256, 512): ratio=0.258, groups=4
2026-09-26 13:01:00,550 - mneme.mneme_core - INFO - Registered 'act_ckpt_801_2943667663200'. Type: quantized_group. Addr: 7f72d372
2026-09-26 13:01:00,968 - mneme.mneme_core - INFO - Group-int8_group 'act_ckpt_802_2943666815136' (16, 256, 512): ratio=0.258, groups=4
2026-09-26 13:01:03,542 - mneme.mneme_core - INFO - Registered 'act_ckpt_802_2943666815136'. Type: quantized_group. Addr: 7f72d372
2026-09-26 13:01:03,976 - mneme.mneme_core - INFO - Group-int8_group 'act_ckpt_803_2943667664960' (16, 256, 512): ratio=0.258, groups=4
2026-09-26 13:01:06,549 - mneme.mneme_core - INFO - Registered 'act_ckpt_803_2943667664960'. Type: quantized_group. Addr: 7f72d372
2026-09-26 13:01:06,963 - mneme.mneme_core - INFO - Group-int8_group 'act_ckpt_804_2943667548832' (16, 256, 512): ratio=0.258, groups=4
2026-09-26 13:01:09,538 - mneme.mneme_core - INFO - Registered 'act_ckpt_804_2943667548832'. Type: quantized_group. Addr: 7f72d372
2026-09-26 13:01:19,086 - mneme.mneme_core - INFO - Group-int8_group 'act_ckpt_805_2940775468880' (16, 256, 512): ratio=0.256, groups=4
2026-09-26 13:01:21,730 - mneme.mneme_core - INFO - Registered 'act_ckpt_805_2940775468880'. Type: quantized_group. Addr: 7f72d372
2026-09-26 13:01:22,088 - mneme.mneme_core - INFO - Group-int8_group 'act_ckpt_806_2940775230080' (16, 256, 512): ratio=0.258, groups=4
2026-09-26 13:01:24,731 - mneme.mneme_core - INFO - Registered 'act_ckpt_806_2940775230080'. Type: quantized_group. Addr: 7f72d372
2026-09-26 13:01:25,085 - mneme.mneme_core - INFO - Group-int8_group 'act_ckpt_807_2943667548192' (16, 256, 512): ratio=0.258, groups=4
2026-09-26 13:01:27,680 - mneme.mneme_core - INFO - Registered 'act_ckpt_807_2943667548192'. Type: quantized_group. Addr: 7f72d372
2026-09-26 13:01:27,942 - mneme.mneme_core - INFO - Group-int8_group 'act_ckpt_808_2943667537232' (16, 256, 512): ratio=0.258, groups=4
2026-09-26 13:01:30,518 - mneme.mneme_core - INFO - Registered 'act_ckpt_808_2943667537232'. Type: quantized_group. Addr: 7f72d372
2026-09-26 13:01:30,880 - mneme.mneme_core - INFO - Group-int8_group 'act_ckpt_809_2945454441168' (16, 256, 512): ratio=0.258, groups=4
2026-09-26 13:01:33,456 - mneme.mneme_core - INFO - Registered 'act_ckpt_809_2945454441168'. Type: quantized_group. Addr: 7f72d372
2026-09-26 13:01:33,733 - mneme.mneme_core - INFO - Group-int8_group 'act_ckpt_810_2945454442048' (16, 256, 512): ratio=0.258, groups=4
2026-09-26 13:01:36,309 - mneme.mneme_core - INFO - Registered 'act_ckpt_810_2945454442048'. Type: quantized_group. Addr: 7f72d372
2026-09-26 13:01:36,683 - mneme.mneme_core - INFO - Group-int8_group 'act_ckpt_811_2945454442368' (16, 256, 512): ratio=0.258, groups=4
2026-09-26 13:01:39,256 - mneme.mneme_core - INFO - Registered 'act_ckpt_811_2945454442368'. Type: quantized_group. Addr: 7f72d372
2026-09-26 13:01:39,523 - mneme.mneme_core - INFO - Group-int8_group 'act_ckpt_812_2945454442928' (16, 256, 512): ratio=0.258, groups=4
2026-09-26 13:01:42,101 - mneme.mneme_core - INFO - Registered 'act_ckpt_812_2945454442928'. Type: quantized_group. Addr: 7f72d372
2026-09-26 13:01:42,510 - mneme.mneme_core - INFO - Group-int8_group 'act_ckpt_813_2945454443328' (16, 256, 512): ratio=0.258, groups=4
2026-09-26 13:01:45,187 - mneme.mneme_core - INFO - Registered 'act_ckpt_813_2945454443328'. Type: quantized_group. Addr: 7f72d372
2026-09-26 13:01:45,512 - mneme.mneme_core - INFO - Group-int8_group 'act_ckpt_814_2945454443808' (16, 256, 512): ratio=0.258, groups=4
2026-09-26 13:01:48,094 - mneme.mneme_core - INFO - Registered 'act_ckpt_814_2945454443808'. Type: quantized_group. Addr: 7f72d372
2026-09-26 13:01:48,456 - mneme.mneme_core - INFO - Group-int8_group 'act_ckpt_815_2945454444288' (16, 256, 512): ratio=0.258, groups=4
2026-09-26 13:01:51,037 - mneme.mneme_core - INFO - Registered 'act_ckpt_815_2945454444288'. Type: quantized_group. Addr: 7f72d372
2026-09-26 13:01:51,374 - mneme.mneme_core - INFO - Group-int8_group 'act_ckpt_816_2945454444768' (16, 256, 512): ratio=0.258, groups=4
2026-09-26 13:01:53,954 - mneme.mneme_core - INFO - Registered 'act_ckpt_816_2945454444768'. Type: quantized_group. Addr: 7f72d372
2026-09-26 13:02:02,643 - mneme.mneme_core - INFO - Group-int8_group 'act_ckpt_817_2940775433712' (16, 256, 512): ratio=0.255, groups=4
2026-09-26 13:02:05,225 - mneme.mneme_core - INFO - Registered 'act_ckpt_817_2940775433712'. Type: quantized_group. Addr: 7f72d372
2026-09-26 13:02:05,468 - mneme.mneme_core - INFO - Group-int8_group 'act_ckpt_818_2940775173088' (16, 256, 512): ratio=0.258, groups=4
2026-09-26 13:02:08,049 - mneme.mneme_core - INFO - Registered 'act_ckpt_818_2940775173088'. Type: quantized_group. Addr: 7f72d372
2026-09-26 13:02:08,318 - mneme.mneme_core - INFO - Group-int8_group 'act_ckpt_819_2940775172128' (16, 256, 512): ratio=0.258, groups=4
2026-09-26 13:02:10,894 - mneme.mneme_core - INFO - Registered 'act_ckpt_819_2940775172128'. Type: quantized_group. Addr: 7f72d372
2026-09-26 13:02:11,265 - mneme.mneme_core - INFO - Group-int8_group 'act_ckpt_820_2940775173728' (16, 256, 512): ratio=0.258, groups=4
2026-09-26 13:02:13,841 - mneme.mneme_core - INFO - Registered 'act_ckpt_820_2940775173728'. Type: quantized_group. Addr: 7f72d372
2026-09-26 13:02:14,109 - mneme.mneme_core - INFO - Group-int8_group 'act_ckpt_821_2940775174288' (16, 256, 512): ratio=0.258, groups=4
2026-09-26 13:02:16,762 - mneme.mneme_core - INFO - Registered 'act_ckpt_821_2940775174288'. Type: quantized_group. Addr: 7f72d372
2026-09-26 13:02:17,163 - mneme.mneme_core - INFO - Group-int8_group 'act_ckpt_822_2940775172768' (16, 256, 512): ratio=0.258, groups=4
2026-09-26 13:02:19,851 - mneme.mneme_core - INFO - Registered 'act_ckpt_822_2940775172768'. Type: quantized_group. Addr: 7f72d372
2026-09-26 13:02:20,193 - mneme.mneme_core - INFO - Group-int8_group 'act_ckpt_823_2940775172448' (16, 256, 512): ratio=0.258, groups=4
2026-09-26 13:02:22,815 - mneme.mneme_core - INFO - Registered 'act_ckpt_823_2940775172448'. Type: quantized_group. Addr: 7f72d372
2026-09-26 13:02:23,167 - mneme.mneme_core - INFO - Group-int8_group 'act_ckpt_824_2940775173488' (16, 256, 512): ratio=0.258, groups=4
2026-09-26 13:02:25,768 - mneme.mneme_core - INFO - Registered 'act_ckpt_824_2940775173488'. Type: quantized_group. Addr: 7f72d372
2026-09-26 13:02:26,096 - mneme.mneme_core - INFO - Group-int8_group 'act_ckpt_825_2943667095664' (16, 256, 512): ratio=0.258, groups=4
2026-09-26 13:02:28,666 - mneme.mneme_core - INFO - Registered 'act_ckpt_825_2943667095664'. Type: quantized_group. Addr: 7f72d372
2026-09-26 13:02:28,928 - mneme.mneme_core - INFO - Group-int8_group 'act_ckpt_826_2943667095984' (16, 256, 512): ratio=0.258, groups=4
2026-09-26 13:02:31,509 - mneme.mneme_core - INFO - Registered 'act_ckpt_826_2943667095984'. Type: quantized_group. Addr: 7f72d372
2026-09-26 13:02:31,860 - mneme.mneme_core - INFO - Group-int8_group 'act_ckpt_827_2943667097104' (16, 256, 512): ratio=0.258, groups=4
2026-09-26 13:02:34,430 - mneme.mneme_core - INFO - Registered 'act_ckpt_827_2943667097104'. Type: quantized_group. Addr: 7f72d372
2026-09-26 13:02:34,705 - mneme.mneme_core - INFO - Group-int8_group 'act_ckpt_828_2943667105504' (16, 256, 512): ratio=0.258, groups=4
2026-09-26 13:02:37,277 - mneme.mneme_core - INFO - Registered 'act_ckpt_828_2943667105504'. Type: quantized_group. Addr: 7f72d372
2026-09-26 13:02:46,931 - mneme.mneme_core - INFO - Group-int8_group 'act_ckpt_829_2945454447488' (16, 256, 512): ratio=0.255, groups=4
2026-09-26 13:02:49,503 - mneme.mneme_core - INFO - Registered 'act_ckpt_829_2945454447488'. Type: quantized_group. Addr: 7f72d372
2026-09-26 13:02:49,864 - mneme.mneme_core - INFO - Group-int8_group 'act_ckpt_830_2945454449888' (16, 256, 512): ratio=0.258, groups=4
2026-09-26 13:02:52,435 - mneme.mneme_core - INFO - Registered 'act_ckpt_830_2945454449888'. Type: quantized_group. Addr: 7f72d372
2026-09-26 13:02:52,705 - mneme.mneme_core - INFO - Group-int8_group 'act_ckpt_831_2945454450928' (16, 256, 512): ratio=0.258, groups=4
2026-09-26 13:02:55,280 - mneme.mneme_core - INFO - Registered 'act_ckpt_831_2945454450928'. Type: quantized_group. Addr: 7f72d372
2026-09-26 13:02:55,654 - mneme.mneme_core - INFO - Group-int8_group 'act_ckpt_832_2945454452528' (16, 256, 512): ratio=0.258, groups=4
2026-09-26 13:02:58,228 - mneme.mneme_core - INFO - Registered 'act_ckpt_832_2945454452528'. Type: quantized_group. Addr: 7f72d372
2026-09-26 13:02:58,512 - mneme.mneme_core - INFO - Group-int8_group 'act_ckpt_833_2945454452848' (16, 256, 512): ratio=0.258, groups=4
2026-09-26 13:03:01,090 - mneme.mneme_core - INFO - Registered 'act_ckpt_833_2945454452848'. Type: quantized_group. Addr: 7f72d372
2026-09-26 13:03:01,459 - mneme.mneme_core - INFO - Group-int8_group 'act_ckpt_834_2945454453328' (16, 256, 512): ratio=0.258, groups=4
2026-09-26 13:03:04,034 - mneme.mneme_core - INFO - Registered 'act_ckpt_834_2945454453328'. Type: quantized_group. Addr: 7f72d372
2026-09-26 13:03:04,314 - mneme.mneme_core - INFO - Group-int8_group 'act_ckpt_835_2945454453808' (16, 256, 512): ratio=0.258, groups=4
2026-09-26 13:03:06,892 - mneme.mneme_core - INFO - Registered 'act_ckpt_835_2945454453808'. Type: quantized_group. Addr: 7f72d372
2026-09-26 13:03:07,264 - mneme.mneme_core - INFO - Group-int8_group 'act_ckpt_836_2945454454368' (16, 256, 512): ratio=0.258, groups=4
2026-09-26 13:03:09,835 - mneme.mneme_core - INFO - Registered 'act_ckpt_836_2945454454368'. Type: quantized_group. Addr: 7f72d372
2026-09-26 13:03:10,113 - mneme.mneme_core - INFO - Group-int8_group 'act_ckpt_837_2945454454928' (16, 256, 512): ratio=0.258, groups=4
2026-09-26 13:03:12,684 - mneme.mneme_core - INFO - Registered 'act_ckpt_837_2945454454928'. Type: quantized_group. Addr: 7f72d372
2026-09-26 13:03:13,062 - mneme.mneme_core - INFO - Group-int8_group 'act_ckpt_838_2945454455488' (16, 256, 512): ratio=0.258, groups=4
2026-09-26 13:03:15,638 - mneme.mneme_core - INFO - Registered 'act_ckpt_838_2945454455488'. Type: quantized_group. Addr: 7f72d372
2026-09-26 13:03:15,909 - mneme.mneme_core - INFO - Group-int8_group 'act_ckpt_839_2945454455888' (16, 256, 512): ratio=0.258, groups=4
2026-09-26 13:03:18,490 - mneme.mneme_core - INFO - Registered 'act_ckpt_839_2945454455888'. Type: quantized_group. Addr: 7f72d372
2026-09-26 13:03:18,854 - mneme.mneme_core - INFO - Group-int8_group 'act_ckpt_840_2945454456528' (16, 256, 512): ratio=0.258, groups=4
2026-09-26 13:03:21,439 - mneme.mneme_core - INFO - Registered 'act_ckpt_840_2945454456528'. Type: quantized_group. Addr: 7f72d372
2026-09-26 13:03:31,591 - mneme.mneme_core - INFO - Group-int8_group 'act_ckpt_841_2941441509168' (16, 256, 512): ratio=0.255, groups=4
2026-09-26 13:03:34,166 - mneme.mneme_core - INFO - Registered 'act_ckpt_841_2941441509168'. Type: quantized_group. Addr: 7f72d372
2026-09-26 13:03:34,549 - mneme.mneme_core - INFO - Group-int8_group 'act_ckpt_842_2940775167024' (16, 256, 512): ratio=0.258, groups=4
2026-09-26 13:03:37,123 - mneme.mneme_core - INFO - Registered 'act_ckpt_842_2940775167024'. Type: quantized_group. Addr: 7f72d372
2026-09-26 13:03:37,458 - mneme.mneme_core - INFO - Group-int8_group 'act_ckpt_843_2943667365488' (16, 256, 512): ratio=0.258, groups=4
2026-09-26 13:03:40,036 - mneme.mneme_core - INFO - Registered 'act_ckpt_843_2943667365488'. Type: quantized_group. Addr: 7f72d372
2026-09-26 13:03:40,303 - mneme.mneme_core - INFO - Group-int8_group 'act_ckpt_844_2943667362128' (16, 256, 512): ratio=0.258, groups=4
2026-09-26 13:03:42,887 - mneme.mneme_core - INFO - Registered 'act_ckpt_844_2943667362128'. Type: quantized_group. Addr: 7f72d372
2026-09-26 13:03:43,251 - mneme.mneme_core - INFO - Group-int8_group 'act_ckpt_845_2943667363568' (16, 256, 512): ratio=0.258, groups=4
2026-09-26 13:03:45,869 - mneme.mneme_core - INFO - Registered 'act_ckpt_845_2943667363568'. Type: quantized_group. Addr: 7f72d372
2026-09-26 13:03:46,239 - mneme.mneme_core - INFO - Group-int8_group 'act_ckpt_846_2943667363168' (16, 256, 512): ratio=0.258, groups=4
2026-09-26 13:03:48,887 - mneme.mneme_core - INFO - Registered 'act_ckpt_846_2943667363168'. Type: quantized_group. Addr: 7f72d372
2026-09-26 13:03:49,243 - mneme.mneme_core - INFO - Group-int8_group 'act_ckpt_847_2943667367888' (16, 256, 512): ratio=0.258, groups=4
2026-09-26 13:03:51,871 - mneme.mneme_core - INFO - Registered 'act_ckpt_847_2943667367888'. Type: quantized_group. Addr: 7f72d372
2026-09-26 13:03:52,253 - mneme.mneme_core - INFO - Group-int8_group 'act_ckpt_848_2943667367408' (16, 256, 512): ratio=0.258, groups=4
2026-09-26 13:03:54,921 - mneme.mneme_core - INFO - Registered 'act_ckpt_848_2943667367408'. Type: quantized_group. Addr: 7f72d372
2026-09-26 13:03:55,263 - mneme.mneme_core - INFO - Group-int8_group 'act_ckpt_849_2943667357968' (16, 256, 512): ratio=0.258, groups=4
2026-09-26 13:03:57,825 - mneme.mneme_core - INFO - Registered 'act_ckpt_849_2943667357968'. Type: quantized_group. Addr: 7f72d372
2026-09-26 13:03:58,091 - mneme.mneme_core - INFO - Group-int8_group 'act_ckpt_850_2943667359328' (16, 256, 512): ratio=0.258, groups=4
2026-09-26 13:04:00,658 - mneme.mneme_core - INFO - Registered 'act_ckpt_850_2943667359328'. Type: quantized_group. Addr: 7f72d372
2026-09-26 13:04:01,041 - mneme.mneme_core - INFO - Group-int8_group 'act_ckpt_851_2943667544512' (16, 256, 512): ratio=0.258, groups=4
2026-09-26 13:04:03,610 - mneme.mneme_core - INFO - Registered 'act_ckpt_851_2943667544512'. Type: quantized_group. Addr: 7f72d372
2026-09-26 13:04:03,888 - mneme.mneme_core - INFO - Group-int8_group 'act_ckpt_852_2943667361088' (16, 256, 512): ratio=0.258, groups=4
2026-09-26 13:04:06,453 - mneme.mneme_core - INFO - Registered 'act_ckpt_852_2943667361088'. Type: quantized_group. Addr: 7f72d372
2026-09-26 13:04:16,262 - mneme.mneme_core - INFO - Group-int8_group 'act_ckpt_853_2945454442448' (16, 256, 512): ratio=0.256, groups=4
2026-09-26 13:04:18,992 - mneme.mneme_core - INFO - Registered 'act_ckpt_853_2945454442448'. Type: quantized_group. Addr: 7f72d372
2026-09-26 13:04:19,282 - mneme.mneme_core - INFO - Group-int8_group 'act_ckpt_854_2945454445808' (16, 256, 512): ratio=0.258, groups=4
2026-09-26 13:04:22,781 - mneme.mneme_core - INFO - Registered 'act_ckpt_854_2945454445808'. Type: quantized_group. Addr: 7f72d372
2026-09-26 13:04:22,991 - mneme.mneme_core - INFO - Group-int8_group 'act_ckpt_855_2945454454288' (16, 256, 512): ratio=0.258, groups=4
2026-09-26 13:04:26,237 - mneme.mneme_core - INFO - Registered 'act_ckpt_855_2945454454288'. Type: quantized_group. Addr: 7f72d372
2026-09-26 13:04:26,620 - mneme.mneme_core - INFO - Group-int8_group 'act_ckpt_856_2945454452688' (16, 256, 512): ratio=0.258, groups=4
2026-09-26 13:04:29,291 - mneme.mneme_core - INFO - Registered 'act_ckpt_856_2945454452688'. Type: quantized_group. Addr: 7f72d372
2026-09-26 13:04:29,558 - mneme.mneme_core - INFO - Group-int8_group 'act_ckpt_857_2945454452128' (16, 256, 512): ratio=0.258, groups=4
2026-09-26 13:04:32,189 - mneme.mneme_core - INFO - Registered 'act_ckpt_857_2945454452128'. Type: quantized_group. Addr: 7f72d372
2026-09-26 13:04:32,447 - mneme.mneme_core - INFO - Group-int8_group 'act_ckpt_858_2945454450768' (16, 256, 512): ratio=0.258, groups=4
2026-09-26 13:04:35,082 - mneme.mneme_core - INFO - Registered 'act_ckpt_858_2945454450768'. Type: quantized_group. Addr: 7f72d372
2026-09-26 13:04:35,403 - mneme.mneme_core - INFO - Group-int8_group 'act_ckpt_859_2945454455328' (16, 256, 512): ratio=0.258, groups=4
2026-09-26 13:04:38,011 - mneme.mneme_core - INFO - Registered 'act_ckpt_859_2945454455328'. Type: quantized_group. Addr: 7f72d372
2026-09-26 13:04:38,332 - mneme.mneme_core - INFO - Group-int8_group 'act_ckpt_860_2943667666640' (16, 256, 512): ratio=0.258, groups=4
2026-09-26 13:04:40,956 - mneme.mneme_core - INFO - Registered 'act_ckpt_860_2943667666640'. Type: quantized_group. Addr: 7f72d372
2026-09-26 13:04:41,336 - mneme.mneme_core - INFO - Group-int8_group 'act_ckpt_861_2943667661920' (16, 256, 512): ratio=0.258, groups=4
2026-09-26 13:04:43,951 - mneme.mneme_core - INFO - Registered 'act_ckpt_861_2943667661920'. Type: quantized_group. Addr: 7f72d372
2026-09-26 13:04:44,326 - mneme.mneme_core - INFO - Group-int8_group 'act_ckpt_862_2943667664240' (16, 256, 512): ratio=0.258, groups=4
2026-09-26 13:04:46,967 - mneme.mneme_core - INFO - Registered 'act_ckpt_862_2943667664240'. Type: quantized_group. Addr: 7f72d372
2026-09-26 13:04:47,322 - mneme.mneme_core - INFO - Group-int8_group 'act_ckpt_863_2943667340464' (16, 256, 512): ratio=0.258, groups=4
2026-09-26 13:04:49,935 - mneme.mneme_core - INFO - Registered 'act_ckpt_863_2943667340464'. Type: quantized_group. Addr: 7f72d372
2026-09-26 13:04:50,314 - mneme.mneme_core - INFO - Group-int8_group 'act_ckpt_864_2943667352864' (16, 256, 512): ratio=0.258, groups=4
2026-09-26 13:04:52,942 - mneme.mneme_core - INFO - Registered 'act_ckpt_864_2943667352864'. Type: quantized_group. Addr: 7f72d372
2026-09-26 13:05:02,616 - mneme.mneme_core - INFO - Group-int8_group 'act_ckpt_865_2943667718176' (16, 256, 512): ratio=0.255, groups=4
2026-09-26 13:05:05,186 - mneme.mneme_core - INFO - Registered 'act_ckpt_865_2943667718176'. Type: quantized_group. Addr: 7f72d372
2026-09-26 13:05:05,438 - mneme.mneme_core - INFO - Group-int8_group 'act_ckpt_866_2943667716976' (16, 256, 512): ratio=0.258, groups=4
2026-09-26 13:05:07,999 - mneme.mneme_core - INFO - Registered 'act_ckpt_866_2943667716976'. Type: quantized_group. Addr: 7f72d372
2026-09-26 13:05:08,272 - mneme.mneme_core - INFO - Group-int8_group 'act_ckpt_867_2943667731936' (16, 256, 512): ratio=0.258, groups=4
2026-09-26 13:05:10,646 - mneme.mneme_core - INFO - Registered 'act_ckpt_867_2943667731936'. Type: quantized_group. Addr: 7f72d372
2026-09-26 13:05:11,010 - mneme.mneme_core - INFO - Group-int8_group 'act_ckpt_868_2943667730816' (16, 256, 512): ratio=0.258, groups=4
2026-09-26 13:05:13,350 - mneme.mneme_core - INFO - Registered 'act_ckpt_868_2943667730816'. Type: quantized_group. Addr: 7f72d372
2026-09-26 13:05:13,653 - mneme.mneme_core - INFO - Group-int8_group 'act_ckpt_869_2943667730256' (16, 256, 512): ratio=0.258, groups=4
2026-09-26 13:05:15,997 - mneme.mneme_core - INFO - Registered 'act_ckpt_869_2943667730256'. Type: quantized_group. Addr: 7f72d372
2026-09-26 13:05:16,281 - mneme.mneme_core - INFO - Group-int8_group 'act_ckpt_870_2943667729856' (16, 256, 512): ratio=0.258, groups=4
2026-09-26 13:05:18,630 - mneme.mneme_core - INFO - Registered 'act_ckpt_870_2943667729856'. Type: quantized_group. Addr: 7f72d372
2026-09-26 13:05:19,019 - mneme.mneme_core - INFO - Group-int8_group 'act_ckpt_871_2943667729056' (16, 256, 512): ratio=0.258, groups=4
2026-09-26 13:05:21,373 - mneme.mneme_core - INFO - Registered 'act_ckpt_871_2943667729056'. Type: quantized_group. Addr: 7f72d372
2026-09-26 13:05:21,659 - mneme.mneme_core - INFO - Group-int8_group 'act_ckpt_872_2943667728816' (16, 256, 512): ratio=0.258, groups=4
2026-09-26 13:05:24,012 - mneme.mneme_core - INFO - Registered 'act_ckpt_872_2943667728816'. Type: quantized_group. Addr: 7f72d372
2026-09-26 13:05:24,247 - mneme.mneme_core - INFO - Group-int8_group 'act_ckpt_873_2943667727936' (16, 256, 512): ratio=0.258, groups=4
2026-09-26 13:05:26,613 - mneme.mneme_core - INFO - Registered 'act_ckpt_873_2943667727936'. Type: quantized_group. Addr: 7f72d372
2026-09-26 13:05:26,829 - mneme.mneme_core - INFO - Group-int8_group 'act_ckpt_874_2943667727856' (16, 256, 512): ratio=0.258, groups=4
2026-09-26 13:05:29,179 - mneme.mneme_core - INFO - Registered 'act_ckpt_874_2943667727856'. Type: quantized_group. Addr: 7f72d372
2026-09-26 13:05:29,431 - mneme.mneme_core - INFO - Group-int8_group 'act_ckpt_875_2943667727376' (16, 256, 512): ratio=0.258, groups=4
2026-09-26 13:05:31,775 - mneme.mneme_core - INFO - Registered 'act_ckpt_875_2943667727376'. Type: quantized_group. Addr: 7f72d372
2026-09-26 13:05:32,055 - mneme.mneme_core - INFO - Group-int8_group 'act_ckpt_876_2943667727136' (16, 256, 512): ratio=0.258, groups=4
2026-09-26 13:05:34,406 - mneme.mneme_core - INFO - Registered 'act_ckpt_876_2943667727136'. Type: quantized_group. Addr: 7f72d372
2026-09-26 13:05:44,125 - mneme.mneme_core - INFO - Group-int8_group 'act_ckpt_877_2943667291472' (16, 256, 512): ratio=0.256, groups=4
2026-09-26 13:05:46,469 - mneme.mneme_core - INFO - Registered 'act_ckpt_877_2943667291472'. Type: quantized_group. Addr: 7f72d372
2026-09-26 13:05:46,810 - mneme.mneme_core - INFO - Group-int8_group 'act_ckpt_878_2943667293552' (16, 256, 512): ratio=0.258, groups=4
2026-09-26 13:05:49,163 - mneme.mneme_core - INFO - Registered 'act_ckpt_878_2943667293552'. Type: quantized_group. Addr: 7f72d372
2026-09-26 13:05:49,459 - mneme.mneme_core - INFO - Group-int8_group 'act_ckpt_879_2943667294592' (16, 256, 512): ratio=0.258, groups=4
2026-09-26 13:05:51,805 - mneme.mneme_core - INFO - Registered 'act_ckpt_879_2943667294592'. Type: quantized_group. Addr: 7f72d372
2026-09-26 13:05:52,067 - mneme.mneme_core - INFO - Group-int8_group 'act_ckpt_880_2943667303872' (16, 256, 512): ratio=0.258, groups=4
2026-09-26 13:05:54,413 - mneme.mneme_core - INFO - Registered 'act_ckpt_880_2943667303872'. Type: quantized_group. Addr: 7f72d372
2026-09-26 13:05:54,794 - mneme.mneme_core - INFO - Group-int8_group 'act_ckpt_881_2943667304832' (16, 256, 512): ratio=0.258, groups=4
2026-09-26 13:05:57,139 - mneme.mneme_core - INFO - Registered 'act_ckpt_881_2943667304832'. Type: quantized_group. Addr: 7f72d372
2026-09-26 13:05:57,439 - mneme.mneme_core - INFO - Group-int8_group 'act_ckpt_882_2943667304032' (16, 256, 512): ratio=0.258, groups=4
2026-09-26 13:05:59,783 - mneme.mneme_core - INFO - Registered 'act_ckpt_882_2943667304032'. Type: quantized_group. Addr: 7f72d372
2026-09-26 13:06:00,008 - mneme.mneme_core - INFO - Group-int8_group 'act_ckpt_883_2941441367712' (16, 256, 512): ratio=0.258, groups=4
2026-09-26 13:06:02,362 - mneme.mneme_core - INFO - Registered 'act_ckpt_883_2941441367712'. Type: quantized_group. Addr: 7f72d372
2026-09-26 13:06:02,594 - mneme.mneme_core - INFO - Group-int8_group 'act_ckpt_884_2941441367552' (16, 256, 512): ratio=0.258, groups=4
2026-09-26 13:06:04,951 - mneme.mneme_core - INFO - Registered 'act_ckpt_884_2941441367552'. Type: quantized_group. Addr: 7f72d372
2026-09-26 13:06:05,242 - mneme.mneme_core - INFO - Group-int8_group 'act_ckpt_885_2941441368032' (16, 256, 512): ratio=0.258, groups=4
2026-09-26 13:06:07,581 - mneme.mneme_core - INFO - Registered 'act_ckpt_885_2941441368032'. Type: quantized_group. Addr: 7f72d372
2026-09-26 13:06:07,856 - mneme.mneme_core - INFO - Group-int8_group 'act_ckpt_886_2941441368992' (16, 256, 512): ratio=0.258, groups=4
2026-09-26 13:06:10,201 - mneme.mneme_core - INFO - Registered 'act_ckpt_886_2941441368992'. Type: quantized_group. Addr: 7f72d372
2026-09-26 13:06:10,457 - mneme.mneme_core - INFO - Group-int8_group 'act_ckpt_887_2945454441248' (16, 256, 512): ratio=0.258, groups=4
2026-09-26 13:06:12,806 - mneme.mneme_core - INFO - Registered 'act_ckpt_887_2945454441248'. Type: quantized_group. Addr: 7f72d372
2026-09-26 13:06:13,187 - mneme.mneme_core - INFO - Group-int8_group 'act_ckpt_888_2945454454768' (16, 256, 512): ratio=0.258, groups=4
2026-09-26 13:06:15,533 - mneme.mneme_core - INFO - Registered 'act_ckpt_888_2945454454768'. Type: quantized_group. Addr: 7f72d372
2026-09-26 13:06:25,141 - mneme.mneme_core - INFO - Group-int8_group 'act_ckpt_889_2941441335584' (16, 256, 512): ratio=0.256, groups=4
2026-09-26 13:06:27,507 - mneme.mneme_core - INFO - Registered 'act_ckpt_889_2941441335584'. Type: quantized_group. Addr: 7f72d372
2026-09-26 13:06:27,828 - mneme.mneme_core - INFO - Group-int8_group 'act_ckpt_890_2943667727376' (16, 256, 512): ratio=0.258, groups=4
2026-09-26 13:06:30,197 - mneme.mneme_core - INFO - Registered 'act_ckpt_890_2943667727376'. Type: quantized_group. Addr: 7f72d372
2026-09-26 13:06:30,576 - mneme.mneme_core - INFO - Group-int8_group 'act_ckpt_891_2943667728976' (16, 256, 512): ratio=0.258, groups=4
2026-09-26 13:06:33,077 - mneme.mneme_core - INFO - Registered 'act_ckpt_891_2943667728976'. Type: quantized_group. Addr: 7f72d372
2026-09-26 13:06:33,322 - mneme.mneme_core - INFO - Group-int8_group 'act_ckpt_892_2943667720656' (16, 256, 512): ratio=0.258, groups=4
2026-09-26 13:06:36,084 - mneme.mneme_core - INFO - Registered 'act_ckpt_892_2943667720656'. Type: quantized_group. Addr: 7f72d372
2026-09-26 13:06:36,331 - mneme.mneme_core - INFO - Group-int8_group 'act_ckpt_893_2943667720736' (16, 256, 512): ratio=0.258, groups=4
2026-09-26 13:06:39,059 - mneme.mneme_core - INFO - Registered 'act_ckpt_893_2943667720736'. Type: quantized_group. Addr: 7f72d372
2026-09-26 13:06:39,189 - mneme.mneme_core - INFO - Group-int8_group 'act_ckpt_894_2943667721136' (16, 256, 512): ratio=0.258, groups=4
2026-09-26 13:06:42,712 - mneme.mneme_core - INFO - Registered 'act_ckpt_894_2943667721136'. Type: quantized_group. Addr: 7f72d372
2026-09-26 13:06:43,124 - mneme.mneme_core - INFO - Group-int8_group 'act_ckpt_895_2943667721296' (16, 256, 512): ratio=0.258, groups=4
2026-09-26 13:06:46,068 - mneme.mneme_core - INFO - Registered 'act_ckpt_895_2943667721296'. Type: quantized_group. Addr: 7f72d372
2026-09-26 13:06:46,429 - mneme.mneme_core - INFO - Group-int8_group 'act_ckpt_896_2943667721936' (16, 256, 512): ratio=0.258, groups=4
2026-09-26 13:06:49,122 - mneme.mneme_core - INFO - Registered 'act_ckpt_896_2943667721936'. Type: quantized_group. Addr: 7f72d372
2026-09-26 13:06:49,502 - mneme.mneme_core - INFO - Group-int8_group 'act_ckpt_897_2943667722496' (16, 256, 512): ratio=0.258, groups=4
2026-09-26 13:06:52,791 - mneme.mneme_core - INFO - Registered 'act_ckpt_897_2943667722496'. Type: quantized_group. Addr: 7f72d372
2026-09-26 13:06:53,010 - mneme.mneme_core - INFO - Group-int8_group 'act_ckpt_898_2943667729936' (16, 256, 512): ratio=0.258, groups=4
2026-09-26 13:06:55,933 - mneme.mneme_core - INFO - Registered 'act_ckpt_898_2943667729936'. Type: quantized_group. Addr: 7f72d372
2026-09-26 13:06:56,318 - mneme.mneme_core - INFO - Group-int8_group 'act_ckpt_899_2943667724016' (16, 256, 512): ratio=0.258, groups=4
2026-09-26 13:06:59,467 - mneme.mneme_core - INFO - Registered 'act_ckpt_899_2943667724016'. Type: quantized_group. Addr: 7f72d372
2026-09-26 13:06:59,916 - mneme.mneme_core - INFO - Group-int8_group 'act_ckpt_900_2943667723536' (16, 256, 512): ratio=0.258, groups=4
2026-09-26 13:07:02,617 - mneme.mneme_core - INFO - Registered 'act_ckpt_900_2943667723536'. Type: quantized_group. Addr: 7f72d372
2026-09-26 13:07:11,120 - mneme.mneme_core - INFO - Group-int8_group 'act_ckpt_901_2943667130752' (16, 256, 512): ratio=0.256, groups=4
2026-09-26 13:07:13,488 - mneme.mneme_core - INFO - Registered 'act_ckpt_901_2943667130752'. Type: quantized_group. Addr: 7f72d372
2026-09-26 13:07:13,723 - mneme.mneme_core - INFO - Group-int8_group 'act_ckpt_902_2943667140912' (16, 256, 512): ratio=0.258, groups=4
2026-09-26 13:07:16,281 - mneme.mneme_core - INFO - Registered 'act_ckpt_902_2943667140912'. Type: quantized_group. Addr: 7f72d372
2026-09-26 13:07:16,686 - mneme.mneme_core - INFO - Group-int8_group 'act_ckpt_903_2943667153616' (16, 256, 512): ratio=0.258, groups=4
2026-09-26 13:07:19,108 - mneme.mneme_core - INFO - Registered 'act_ckpt_903_2943667153616'. Type: quantized_group. Addr: 7f72d372
2026-09-26 13:07:19,344 - mneme.mneme_core - INFO - Group-int8_group 'act_ckpt_904_2943667152896' (16, 256, 512): ratio=0.258, groups=4
2026-09-26 13:07:22,059 - mneme.mneme_core - INFO - Registered 'act_ckpt_904_2943667152896'. Type: quantized_group. Addr: 7f72d372
2026-09-26 13:07:22,402 - mneme.mneme_core - INFO - Group-int8_group 'act_ckpt_905_2943667158896' (16, 256, 512): ratio=0.258, groups=4
2026-09-26 13:07:24,932 - mneme.mneme_core - INFO - Registered 'act_ckpt_905_2943667158896'. Type: quantized_group. Addr: 7f72d372
2026-09-26 13:07:25,167 - mneme.mneme_core - INFO - Group-int8_group 'act_ckpt_906_2943667142816' (16, 256, 512): ratio=0.258, groups=4
2026-09-26 13:07:27,606 - mneme.mneme_core - INFO - Registered 'act_ckpt_906_2943667142816'. Type: quantized_group. Addr: 7f72d372
2026-09-26 13:07:27,841 - mneme.mneme_core - INFO - Group-int8_group 'act_ckpt_907_2943667148816' (16, 256, 512): ratio=0.258, groups=4
2026-09-26 13:07:30,176 - mneme.mneme_core - INFO - Registered 'act_ckpt_907_2943667148816'. Type: quantized_group. Addr: 7f72d372
2026-09-26 13:07:30,444 - mneme.mneme_core - INFO - Group-int8_group 'act_ckpt_908_2943667143056' (16, 256, 512): ratio=0.258, groups=4
2026-09-26 13:07:32,774 - mneme.mneme_core - INFO - Registered 'act_ckpt_908_2943667143056'. Type: quantized_group. Addr: 7f72d372
2026-09-26 13:07:32,980 - mneme.mneme_core - INFO - Group-int8_group 'act_ckpt_909_2943667144176' (16, 256, 512): ratio=0.258, groups=4
2026-09-26 13:07:35,481 - mneme.mneme_core - INFO - Registered 'act_ckpt_909_2943667144176'. Type: quantized_group. Addr: 7f72d372
2026-09-26 13:07:35,716 - mneme.mneme_core - INFO - Group-int8_group 'act_ckpt_910_2943667145776' (16, 256, 512): ratio=0.258, groups=4
2026-09-26 13:07:38,085 - mneme.mneme_core - INFO - Registered 'act_ckpt_910_2943667145776'. Type: quantized_group. Addr: 7f72d372
2026-09-26 13:07:38,319 - mneme.mneme_core - INFO - Group-int8_group 'act_ckpt_911_2943667146896' (16, 256, 512): ratio=0.258, groups=4
2026-09-26 13:07:40,685 - mneme.mneme_core - INFO - Registered 'act_ckpt_911_2943667146896'. Type: quantized_group. Addr: 7f72d372
2026-09-26 13:07:40,989 - mneme.mneme_core - INFO - Group-int8_group 'act_ckpt_912_2943667157696' (16, 256, 512): ratio=0.258, groups=4
2026-09-26 13:07:43,351 - mneme.mneme_core - INFO - Registered 'act_ckpt_912_2943667157696'. Type: quantized_group. Addr: 7f72d372
2026-09-26 13:07:51,399 - mneme.mneme_core - INFO - Group-int8_group 'act_ckpt_913_2940775148800' (16, 256, 512): ratio=0.255, groups=4
2026-09-26 13:07:53,752 - mneme.mneme_core - INFO - Registered 'act_ckpt_913_2940775148800'. Type: quantized_group. Addr: 7f72d372
2026-09-26 13:07:53,965 - mneme.mneme_core - INFO - Group-int8_group 'act_ckpt_914_2940775149120' (16, 256, 512): ratio=0.258, groups=4
2026-09-26 13:07:56,298 - mneme.mneme_core - INFO - Registered 'act_ckpt_914_2940775149120'. Type: quantized_group. Addr: 7f72d372
2026-09-26 13:07:56,532 - mneme.mneme_core - INFO - Group-int8_group 'act_ckpt_915_2940775149680' (16, 256, 512): ratio=0.258, groups=4
2026-09-26 13:07:58,857 - mneme.mneme_core - INFO - Registered 'act_ckpt_915_2940775149680'. Type: quantized_group. Addr: 7f72d372
2026-09-26 13:07:59,091 - mneme.mneme_core - INFO - Group-int8_group 'act_ckpt_916_2940775148880' (16, 256, 512): ratio=0.258, groups=4
2026-09-26 13:08:01,426 - mneme.mneme_core - INFO - Registered 'act_ckpt_916_2940775148880'. Type: quantized_group. Addr: 7f72d372
2026-09-26 13:08:01,661 - mneme.mneme_core - INFO - Group-int8_group 'act_ckpt_917_2943667660320' (16, 256, 512): ratio=0.258, groups=4
2026-09-26 13:08:04,006 - mneme.mneme_core - INFO - Registered 'act_ckpt_917_2943667660320'. Type: quantized_group. Addr: 7f72d372
2026-09-26 13:08:04,384 - mneme.mneme_core - INFO - Group-int8_group 'act_ckpt_918_2943667662000' (16, 256, 512): ratio=0.258, groups=4
2026-09-26 13:08:06,723 - mneme.mneme_core - INFO - Registered 'act_ckpt_918_2943667662000'. Type: quantized_group. Addr: 7f72d372
2026-09-26 13:08:06,956 - mneme.mneme_core - INFO - Group-int8_group 'act_ckpt_919_2943667721296' (16, 256, 512): ratio=0.258, groups=4
2026-09-26 13:08:09,288 - mneme.mneme_core - INFO - Registered 'act_ckpt_919_2943667721296'. Type: quantized_group. Addr: 7f72d372
2026-09-26 13:08:09,523 - mneme.mneme_core - INFO - Group-int8_group 'act_ckpt_920_2943667720496' (16, 256, 512): ratio=0.258, groups=4
2026-09-26 13:08:11,854 - mneme.mneme_core - INFO - Registered 'act_ckpt_920_2943667720496'. Type: quantized_group. Addr: 7f72d372
2026-09-26 13:08:12,172 - mneme.mneme_core - INFO - Group-int8_group 'act_ckpt_921_2943667726496' (16, 256, 512): ratio=0.258, groups=4
2026-09-26 13:08:14,511 - mneme.mneme_core - INFO - Registered 'act_ckpt_921_2943667726496'. Type: quantized_group. Addr: 7f72d372
2026-09-26 13:08:14,746 - mneme.mneme_core - INFO - Group-int8_group 'act_ckpt_922_2943667722496' (16, 256, 512): ratio=0.258, groups=4
2026-09-26 13:08:17,092 - mneme.mneme_core - INFO - Registered 'act_ckpt_922_2943667722496'. Type: quantized_group. Addr: 7f72d372
2026-09-26 13:08:17,327 - mneme.mneme_core - INFO - Group-int8_group 'act_ckpt_923_2940775169824' (16, 256, 512): ratio=0.258, groups=4
2026-09-26 13:08:19,669 - mneme.mneme_core - INFO - Registered 'act_ckpt_923_2940775169824'. Type: quantized_group. Addr: 7f72d372
2026-09-26 13:08:19,973 - mneme.mneme_core - INFO - Group-int8_group 'act_ckpt_924_2943667726496' (16, 256, 512): ratio=0.258, groups=4
2026-09-26 13:08:22,439 - mneme.mneme_core - INFO - Registered 'act_ckpt_924_2943667726496'. Type: quantized_group. Addr: 7f72d372
2026-09-26 13:08:30,386 - mneme.mneme_core - INFO - Group-int8_group 'act_ckpt_925_2941441327984' (16, 256, 512): ratio=0.255, groups=4
2026-09-26 13:08:32,770 - mneme.mneme_core - INFO - Registered 'act_ckpt_925_2941441327984'. Type: quantized_group. Addr: 7f72d372
2026-09-26 13:08:33,004 - mneme.mneme_core - INFO - Group-int8_group 'act_ckpt_926_2941441329104' (16, 256, 512): ratio=0.258, groups=4
2026-09-26 13:08:35,343 - mneme.mneme_core - INFO - Registered 'act_ckpt_926_2941441329104'. Type: quantized_group. Addr: 7f72d372
2026-09-26 13:08:35,613 - mneme.mneme_core - INFO - Group-int8_group 'act_ckpt_927_2941441329184' (16, 256, 512): ratio=0.258, groups=4
2026-09-26 13:08:37,940 - mneme.mneme_core - INFO - Registered 'act_ckpt_927_2941441329184'. Type: quantized_group. Addr: 7f72d372
2026-09-26 13:08:38,157 - mneme.mneme_core - INFO - Group-int8_group 'act_ckpt_928_2941441330304' (16, 256, 512): ratio=0.258, groups=4
2026-09-26 13:08:40,490 - mneme.mneme_core - INFO - Registered 'act_ckpt_928_2941441330304'. Type: quantized_group. Addr: 7f72d372
2026-09-26 13:08:40,726 - mneme.mneme_core - INFO - Group-int8_group 'act_ckpt_929_2941441329344' (16, 256, 512): ratio=0.258, groups=4
2026-09-26 13:08:43,066 - mneme.mneme_core - INFO - Registered 'act_ckpt_929_2941441329344'. Type: quantized_group. Addr: 7f72d372
2026-09-26 13:08:43,367 - mneme.mneme_core - INFO - Group-int8_group 'act_ckpt_930_2941441330224' (16, 256, 512): ratio=0.258, groups=4
2026-09-26 13:08:45,735 - mneme.mneme_core - INFO - Registered 'act_ckpt_930_2941441330224'. Type: quantized_group. Addr: 7f72d372
2026-09-26 13:08:45,950 - mneme.mneme_core - INFO - Group-int8_group 'act_ckpt_931_2941441330624' (16, 256, 512): ratio=0.258, groups=4
2026-09-26 13:08:48,306 - mneme.mneme_core - INFO - Registered 'act_ckpt_931_2941441330624'. Type: quantized_group. Addr: 7f72d372
2026-09-26 13:08:48,541 - mneme.mneme_core - INFO - Group-int8_group 'act_ckpt_932_2941441331504' (16, 256, 512): ratio=0.258, groups=4
2026-09-26 13:08:50,885 - mneme.mneme_core - INFO - Registered 'act_ckpt_932_2941441331504'. Type: quantized_group. Addr: 7f72d372
2026-09-26 13:08:51,120 - mneme.mneme_core - INFO - Group-int8_group 'act_ckpt_933_2941441331264' (16, 256, 512): ratio=0.258, groups=4
2026-09-26 13:08:53,460 - mneme.mneme_core - INFO - Registered 'act_ckpt_933_2941441331264'. Type: quantized_group. Addr: 7f72d372
2026-09-26 13:08:53,695 - mneme.mneme_core - INFO - Group-int8_group 'act_ckpt_934_2941441331744' (16, 256, 512): ratio=0.258, groups=4
2026-09-26 13:08:56,061 - mneme.mneme_core - INFO - Registered 'act_ckpt_934_2941441331744'. Type: quantized_group. Addr: 7f72d372
2026-09-26 13:08:56,295 - mneme.mneme_core - INFO - Group-int8_group 'act_ckpt_935_2941441332864' (16, 256, 512): ratio=0.258, groups=4
2026-09-26 13:08:58,721 - mneme.mneme_core - INFO - Registered 'act_ckpt_935_2941441332864'. Type: quantized_group. Addr: 7f72d372
2026-09-26 13:08:59,019 - mneme.mneme_core - INFO - Group-int8_group 'act_ckpt_936_2941441117152' (16, 256, 512): ratio=0.258, groups=4
2026-09-26 13:09:01,477 - mneme.mneme_core - INFO - Registered 'act_ckpt_936_2941441117152'. Type: quantized_group. Addr: 7f72d372
2026-09-26 13:09:10,111 - mneme.mneme_core - INFO - Group-int8_group 'act_ckpt_937_2943667127552' (16, 256, 512): ratio=0.256, groups=4
2026-09-26 13:09:12,522 - mneme.mneme_core - INFO - Registered 'act_ckpt_937_2943667127552'. Type: quantized_group. Addr: 7f72d372
2026-09-26 13:09:12,744 - mneme.mneme_core - INFO - Group-int8_group 'act_ckpt_938_2943667139952' (16, 256, 512): ratio=0.258, groups=4
2026-09-26 13:09:15,107 - mneme.mneme_core - INFO - Registered 'act_ckpt_938_2943667139952'. Type: quantized_group. Addr: 7f72d372
2026-09-26 13:09:15,369 - mneme.mneme_core - INFO - Group-int8_group 'act_ckpt_939_2943667139792' (16, 256, 512): ratio=0.258, groups=4
2026-09-26 13:09:18,124 - mneme.mneme_core - INFO - Registered 'act_ckpt_939_2943667139792'. Type: quantized_group. Addr: 7f72d372
2026-09-26 13:09:18,343 - mneme.mneme_core - INFO - Group-int8_group 'act_ckpt_940_2943667138192' (16, 256, 512): ratio=0.258, groups=4
2026-09-26 13:09:20,810 - mneme.mneme_core - INFO - Registered 'act_ckpt_940_2943667138192'. Type: quantized_group. Addr: 7f72d372
2026-09-26 13:09:21,163 - mneme.mneme_core - INFO - Group-int8_group 'act_ckpt_941_2943667137072' (16, 256, 512): ratio=0.258, groups=4
2026-09-26 13:09:23,647 - mneme.mneme_core - INFO - Registered 'act_ckpt_941_2943667137072'. Type: quantized_group. Addr: 7f72d372
2026-09-26 13:09:23,973 - mneme.mneme_core - INFO - Group-int8_group 'act_ckpt_942_2943667136192' (16, 256, 512): ratio=0.258, groups=4
2026-09-26 13:09:26,372 - mneme.mneme_core - INFO - Registered 'act_ckpt_942_2943667136192'. Type: quantized_group. Addr: 7f72d372
2026-09-26 13:09:26,734 - mneme.mneme_core - INFO - Group-int8_group 'act_ckpt_943_2943667135632' (16, 256, 512): ratio=0.258, groups=4
2026-09-26 13:09:29,120 - mneme.mneme_core - INFO - Registered 'act_ckpt_943_2943667135632'. Type: quantized_group. Addr: 7f72d372
2026-09-26 13:09:29,348 - mneme.mneme_core - INFO - Group-int8_group 'act_ckpt_944_2943667134752' (16, 256, 512): ratio=0.258, groups=4
2026-09-26 13:09:31,715 - mneme.mneme_core - INFO - Registered 'act_ckpt_944_2943667134752'. Type: quantized_group. Addr: 7f72d372
2026-09-26 13:09:31,937 - mneme.mneme_core - INFO - Group-int8_group 'act_ckpt_945_2943667134192' (16, 256, 512): ratio=0.258, groups=4
2026-09-26 13:09:34,465 - mneme.mneme_core - INFO - Registered 'act_ckpt_945_2943667134192'. Type: quantized_group. Addr: 7f72d372
2026-09-26 13:09:34,700 - mneme.mneme_core - INFO - Group-int8_group 'act_ckpt_946_2943667137152' (16, 256, 512): ratio=0.258, groups=4
2026-09-26 13:09:37,138 - mneme.mneme_core - INFO - Registered 'act_ckpt_946_2943667137152'. Type: quantized_group. Addr: 7f72d372
2026-09-26 13:09:37,427 - mneme.mneme_core - INFO - Group-int8_group 'act_ckpt_947_2943667133632' (16, 256, 512): ratio=0.258, groups=4
2026-09-26 13:09:39,783 - mneme.mneme_core - INFO - Registered 'act_ckpt_947_2943667133632'. Type: quantized_group. Addr: 7f72d372
2026-09-26 13:09:40,029 - mneme.mneme_core - INFO - Group-int8_group 'act_ckpt_948_2943667128992' (16, 256, 512): ratio=0.258, groups=4
2026-09-26 13:09:42,381 - mneme.mneme_core - INFO - Registered 'act_ckpt_948_2943667128992'. Type: quantized_group. Addr: 7f72d372
2026-09-26 13:09:50,771 - mneme.mneme_core - INFO - Group-int8_group 'act_ckpt_949_2945454789472' (16, 256, 512): ratio=0.255, groups=4
2026-09-26 13:09:53,634 - mneme.mneme_core - INFO - Registered 'act_ckpt_949_2945454789472'. Type: quantized_group. Addr: 7f72d372
2026-09-26 13:09:53,870 - mneme.mneme_core - INFO - Group-int8_group 'act_ckpt_950_2945454790992' (16, 256, 512): ratio=0.258, groups=4
2026-09-26 13:09:56,480 - mneme.mneme_core - INFO - Registered 'act_ckpt_950_2945454790992'. Type: quantized_group. Addr: 7f72d372
2026-09-26 13:09:56,785 - mneme.mneme_core - INFO - Group-int8_group 'act_ckpt_951_2945454791552' (16, 256, 512): ratio=0.258, groups=4
2026-09-26 13:09:59,522 - mneme.mneme_core - INFO - Registered 'act_ckpt_951_2945454791552'. Type: quantized_group. Addr: 7f72d372
2026-09-26 13:09:59,799 - mneme.mneme_core - INFO - Group-int8_group 'act_ckpt_952_2945454791952' (16, 256, 512): ratio=0.258, groups=4
2026-09-26 13:10:02,541 - mneme.mneme_core - INFO - Registered 'act_ckpt_952_2945454791952'. Type: quantized_group. Addr: 7f72d372
2026-09-26 13:10:02,779 - mneme.mneme_core - INFO - Group-int8_group 'act_ckpt_953_2945454792672' (16, 256, 512): ratio=0.258, groups=4
2026-09-26 13:10:05,451 - mneme.mneme_core - INFO - Registered 'act_ckpt_953_2945454792672'. Type: quantized_group. Addr: 7f72d372
2026-09-26 13:10:05,572 - mneme.mneme_core - INFO - Group-int8_group 'act_ckpt_954_2945454792992' (16, 256, 512): ratio=0.258, groups=4
2026-09-26 13:10:08,183 - mneme.mneme_core - INFO - Registered 'act_ckpt_954_2945454792992'. Type: quantized_group. Addr: 7f72d372
2026-09-26 13:10:08,417 - mneme.mneme_core - INFO - Group-int8_group 'act_ckpt_955_2945454793792' (16, 256, 512): ratio=0.258, groups=4
2026-09-26 13:10:10,980 - mneme.mneme_core - INFO - Registered 'act_ckpt_955_2945454793792'. Type: quantized_group. Addr: 7f72d372
2026-09-26 13:10:11,355 - mneme.mneme_core - INFO - Group-int8_group 'act_ckpt_956_2945454794672' (16, 256, 512): ratio=0.258, groups=4
2026-09-26 13:10:13,917 - mneme.mneme_core - INFO - Registered 'act_ckpt_956_2945454794672'. Type: quantized_group. Addr: 7f72d372
2026-09-26 13:10:14,129 - mneme.mneme_core - INFO - Group-int8_group 'act_ckpt_957_2945454795952' (16, 256, 512): ratio=0.258, groups=4
2026-09-26 13:10:16,681 - mneme.mneme_core - INFO - Registered 'act_ckpt_957_2945454795952'. Type: quantized_group. Addr: 7f72d372
2026-09-26 13:10:16,968 - mneme.mneme_core - INFO - Group-int8_group 'act_ckpt_958_2945454793632' (16, 256, 512): ratio=0.258, groups=4
2026-09-26 13:10:19,546 - mneme.mneme_core - INFO - Registered 'act_ckpt_958_2945454793632'. Type: quantized_group. Addr: 7f72d372
2026-09-26 13:10:19,780 - mneme.mneme_core - INFO - Group-int8_group 'act_ckpt_959_2945454800272' (16, 256, 512): ratio=0.258, groups=4
2026-09-26 13:10:22,351 - mneme.mneme_core - INFO - Registered 'act_ckpt_959_2945454800272'. Type: quantized_group. Addr: 7f72d372
2026-09-26 13:10:22,735 - mneme.mneme_core - INFO - Group-int8_group 'act_ckpt_960_2945454799072' (16, 256, 512): ratio=0.258, groups=4
2026-09-26 13:10:25,313 - mneme.mneme_core - INFO - Registered 'act_ckpt_960_2945454799072'. Type: quantized_group. Addr: 7f72d372
2026-09-26 13:10:33,627 - mneme.mneme_core - INFO - Group-int8_group 'act_ckpt_961_2943666755920' (16, 256, 512): ratio=0.256, groups=4
2026-09-26 13:10:36,188 - mneme.mneme_core - INFO - Registered 'act_ckpt_961_2943666755920'. Type: quantized_group. Addr: 7f72d372
2026-09-26 13:10:36,423 - mneme.mneme_core - INFO - Group-int8_group 'act_ckpt_962_2943666756400' (16, 256, 512): ratio=0.258, groups=4
2026-09-26 13:10:38,958 - mneme.mneme_core - INFO - Registered 'act_ckpt_962_2943666756400'. Type: quantized_group. Addr: 7f72d372
2026-09-26 13:10:39,336 - mneme.mneme_core - INFO - Group-int8_group 'act_ckpt_963_2941441507888' (16, 256, 512): ratio=0.258, groups=4
2026-09-26 13:10:41,892 - mneme.mneme_core - INFO - Registered 'act_ckpt_963_2941441507888'. Type: quantized_group. Addr: 7f72d372
2026-09-26 13:10:42,116 - mneme.mneme_core - INFO - Group-int8_group 'act_ckpt_964_2941441518448' (16, 256, 512): ratio=0.258, groups=4
2026-09-26 13:10:44,650 - mneme.mneme_core - INFO - Registered 'act_ckpt_964_2941441518448'. Type: quantized_group. Addr: 7f72d372
2026-09-26 13:10:44,886 - mneme.mneme_core - INFO - Group-int8_group 'act_ckpt_965_2941441512768' (16, 256, 512): ratio=0.258, groups=4
2026-09-26 13:10:47,459 - mneme.mneme_core - INFO - Registered 'act_ckpt_965_2941441512768'. Type: quantized_group. Addr: 7f72d372
2026-09-26 13:10:47,762 - mneme.mneme_core - INFO - Group-int8_group 'act_ckpt_966_2941441513008' (16, 256, 512): ratio=0.258, groups=4
2026-09-26 13:10:50,303 - mneme.mneme_core - INFO - Registered 'act_ckpt_966_2941441513008'. Type: quantized_group. Addr: 7f72d372
2026-09-26 13:10:50,575 - mneme.mneme_core - INFO - Group-int8_group 'act_ckpt_967_2941441519168' (16, 256, 512): ratio=0.258, groups=4
2026-09-26 13:10:53,111 - mneme.mneme_core - INFO - Registered 'act_ckpt_967_2941441519168'. Type: quantized_group. Addr: 7f72d372
2026-09-26 13:10:53,322 - mneme.mneme_core - INFO - Group-int8_group 'act_ckpt_968_2941441515248' (16, 256, 512): ratio=0.258, groups=4
2026-09-26 13:10:55,868 - mneme.mneme_core - INFO - Registered 'act_ckpt_968_2941441515248'. Type: quantized_group. Addr: 7f72d372
2026-09-26 13:10:56,156 - mneme.mneme_core - INFO - Group-int8_group 'act_ckpt_969_2940775148880' (16, 256, 512): ratio=0.258, groups=4
2026-09-26 13:10:58,689 - mneme.mneme_core - INFO - Registered 'act_ckpt_969_2940775148880'. Type: quantized_group. Addr: 7f72d372
2026-09-26 13:10:58,911 - mneme.mneme_core - INFO - Group-int8_group 'act_ckpt_970_2943667128752' (16, 256, 512): ratio=0.258, groups=4
2026-09-26 13:11:01,466 - mneme.mneme_core - INFO - Registered 'act_ckpt_970_2943667128752'. Type: quantized_group. Addr: 7f72d372
2026-09-26 13:11:01,701 - mneme.mneme_core - INFO - Group-int8_group 'act_ckpt_971_2943667132112' (16, 256, 512): ratio=0.258, groups=4
2026-09-26 13:11:04,228 - mneme.mneme_core - INFO - Registered 'act_ckpt_971_2943667132112'. Type: quantized_group. Addr: 7f72d372
2026-09-26 13:11:04,536 - mneme.mneme_core - INFO - Group-int8_group 'act_ckpt_972_2943667131632' (16, 256, 512): ratio=0.258, groups=4
2026-09-26 13:11:07,087 - mneme.mneme_core - INFO - Registered 'act_ckpt_972_2943667131632'. Type: quantized_group. Addr: 7f72d372
2026-09-26 13:11:15,129 - mneme.mneme_core - INFO - Group-int8_group 'act_ckpt_973_2945454443488' (16, 256, 512): ratio=0.256, groups=4
2026-09-26 13:11:17,684 - mneme.mneme_core - INFO - Registered 'act_ckpt_973_2945454443488'. Type: quantized_group. Addr: 7f72d372
2026-09-26 13:11:17,908 - mneme.mneme_core - INFO - Group-int8_group 'act_ckpt_974_2943667543392' (16, 256, 512): ratio=0.258, groups=4
2026-09-26 13:11:20,473 - mneme.mneme_core - INFO - Registered 'act_ckpt_974_2943667543392'. Type: quantized_group. Addr: 7f72d372
2026-09-26 13:11:20,766 - mneme.mneme_core - INFO - Group-int8_group 'act_ckpt_975_2940775174128' (16, 256, 512): ratio=0.258, groups=4
2026-09-26 13:11:23,292 - mneme.mneme_core - INFO - Registered 'act_ckpt_975_2940775174128'. Type: quantized_group. Addr: 7f72d372
2026-09-26 13:11:23,566 - mneme.mneme_core - INFO - Group-int8_group 'act_ckpt_976_2945454659840' (16, 256, 512): ratio=0.258, groups=4
2026-09-26 13:11:26,108 - mneme.mneme_core - INFO - Registered 'act_ckpt_976_2945454659840'. Type: quantized_group. Addr: 7f72d372
2026-09-26 13:11:26,315 - mneme.mneme_core - INFO - Group-int8_group 'act_ckpt_977_2945454664240' (16, 256, 512): ratio=0.258, groups=4
2026-09-26 13:11:28,900 - mneme.mneme_core - INFO - Registered 'act_ckpt_977_2945454664240'. Type: quantized_group. Addr: 7f72d372
2026-09-26 13:11:29,110 - mneme.mneme_core - INFO - Group-int8_group 'act_ckpt_978_2945454664480' (16, 256, 512): ratio=0.258, groups=4
2026-09-26 13:11:31,652 - mneme.mneme_core - INFO - Registered 'act_ckpt_978_2945454664480'. Type: quantized_group. Addr: 7f72d372
2026-09-26 13:11:31,945 - mneme.mneme_core - INFO - Group-int8_group 'act_ckpt_979_2945454665680' (16, 256, 512): ratio=0.258, groups=4
2026-09-26 13:11:34,523 - mneme.mneme_core - INFO - Registered 'act_ckpt_979_2945454665680'. Type: quantized_group. Addr: 7f72d372
2026-09-26 13:11:34,758 - mneme.mneme_core - INFO - Group-int8_group 'act_ckpt_980_2945454666000' (16, 256, 512): ratio=0.258, groups=4
2026-09-26 13:11:37,305 - mneme.mneme_core - INFO - Registered 'act_ckpt_980_2945454666000'. Type: quantized_group. Addr: 7f72d372
2026-09-26 13:11:37,570 - mneme.mneme_core - INFO - Group-int8_group 'act_ckpt_981_2945454666480' (16, 256, 512): ratio=0.258, groups=4
2026-09-26 13:11:40,131 - mneme.mneme_core - INFO - Registered 'act_ckpt_981_2945454666480'. Type: quantized_group. Addr: 7f72d372
2026-09-26 13:11:40,452 - mneme.mneme_core - INFO - Group-int8_group 'act_ckpt_982_2945454666880' (16, 256, 512): ratio=0.258, groups=4
2026-09-26 13:11:43,009 - mneme.mneme_core - INFO - Registered 'act_ckpt_982_2945454666880'. Type: quantized_group. Addr: 7f72d372
2026-09-26 13:11:43,315 - mneme.mneme_core - INFO - Group-int8_group 'act_ckpt_983_2945454667600' (16, 256, 512): ratio=0.258, groups=4
2026-09-26 13:11:46,155 - mneme.mneme_core - INFO - Registered 'act_ckpt_983_2945454667600'. Type: quantized_group. Addr: 7f72d372
2026-09-26 13:11:46,526 - mneme.mneme_core - INFO - Group-int8_group 'act_ckpt_984_2945454668160' (16, 256, 512): ratio=0.258, groups=4
2026-09-26 13:11:49,088 - mneme.mneme_core - INFO - Registered 'act_ckpt_984_2945454668160'. Type: quantized_group. Addr: 7f72d372
2026-09-26 13:11:56,761 - mneme.mneme_core - INFO - Group-int8_group 'act_ckpt_985_2943666802272' (16, 256, 512): ratio=0.256, groups=4
2026-09-26 13:11:59,323 - mneme.mneme_core - INFO - Registered 'act_ckpt_985_2943666802272'. Type: quantized_group. Addr: 7f72d372
2026-09-26 13:11:59,625 - mneme.mneme_core - INFO - Group-int8_group 'act_ckpt_986_2943666800912' (16, 256, 512): ratio=0.258, groups=4
2026-09-26 13:12:02,214 - mneme.mneme_core - INFO - Registered 'act_ckpt_986_2943666800912'. Type: quantized_group. Addr: 7f72d372
2026-09-26 13:12:02,514 - mneme.mneme_core - INFO - Group-int8_group 'act_ckpt_987_2943666812192' (16, 256, 512): ratio=0.258, groups=4
2026-09-26 13:12:05,061 - mneme.mneme_core - INFO - Registered 'act_ckpt_987_2943666812192'. Type: quantized_group. Addr: 7f72d372
2026-09-26 13:12:05,279 - mneme.mneme_core - INFO - Group-int8_group 'act_ckpt_988_2945454786192' (16, 256, 512): ratio=0.258, groups=4
2026-09-26 13:12:07,835 - mneme.mneme_core - INFO - Registered 'act_ckpt_988_2945454786192'. Type: quantized_group. Addr: 7f72d372
2026-09-26 13:12:08,136 - mneme.mneme_core - INFO - Group-int8_group 'act_ckpt_989_2945454786672' (16, 256, 512): ratio=0.258, groups=4
2026-09-26 13:12:10,682 - mneme.mneme_core - INFO - Registered 'act_ckpt_989_2945454786672'. Type: quantized_group. Addr: 7f72d372
2026-09-26 13:12:10,947 - mneme.mneme_core - INFO - Group-int8_group 'act_ckpt_990_2945454786112' (16, 256, 512): ratio=0.258, groups=4
2026-09-26 13:12:13,495 - mneme.mneme_core - INFO - Registered 'act_ckpt_990_2945454786112'. Type: quantized_group. Addr: 7f72d372
2026-09-26 13:12:13,698 - mneme.mneme_core - INFO - Group-int8_group 'act_ckpt_991_2945454787472' (16, 256, 512): ratio=0.258, groups=4
2026-09-26 13:12:16,245 - mneme.mneme_core - INFO - Registered 'act_ckpt_991_2945454787472'. Type: quantized_group. Addr: 7f72d372
2026-09-26 13:12:16,462 - mneme.mneme_core - INFO - Group-int8_group 'act_ckpt_992_2945454788192' (16, 256, 512): ratio=0.258, groups=4
2026-09-26 13:12:18,997 - mneme.mneme_core - INFO - Registered 'act_ckpt_992_2945454788192'. Type: quantized_group. Addr: 7f72d372
2026-09-26 13:12:19,293 - mneme.mneme_core - INFO - Group-int8_group 'act_ckpt_993_2945454787872' (16, 256, 512): ratio=0.258, groups=4
2026-09-26 13:12:22,234 - mneme.mneme_core - INFO - Registered 'act_ckpt_993_2945454787872'. Type: quantized_group. Addr: 7f72d372
2026-09-26 13:12:22,533 - mneme.mneme_core - INFO - Group-int8_group 'act_ckpt_994_2945454788992' (16, 256, 512): ratio=0.258, groups=4
2026-09-26 13:12:25,084 - mneme.mneme_core - INFO - Registered 'act_ckpt_994_2945454788992'. Type: quantized_group. Addr: 7f72d372
2026-09-26 13:12:25,349 - mneme.mneme_core - INFO - Group-int8_group 'act_ckpt_995_2945454791152' (16, 256, 512): ratio=0.258, groups=4
2026-09-26 13:12:27,889 - mneme.mneme_core - INFO - Registered 'act_ckpt_995_2945454791152'. Type: quantized_group. Addr: 7f72d372
2026-09-26 13:12:28,094 - mneme.mneme_core - INFO - Group-int8_group 'act_ckpt_996_2945454795792' (16, 256, 512): ratio=0.258, groups=4
2026-09-26 13:12:30,664 - mneme.mneme_core - INFO - Registered 'act_ckpt_996_2945454795792'. Type: quantized_group. Addr: 7f72d372
2026-09-26 13:12:38,614 - mneme.mneme_core - INFO - Group-int8_group 'act_ckpt_997_2941440503440' (16, 256, 512): ratio=0.256, groups=4
2026-09-26 13:12:41,160 - mneme.mneme_core - INFO - Registered 'act_ckpt_997_2941440503440'. Type: quantized_group. Addr: 7f72d372
2026-09-26 13:12:41,505 - mneme.mneme_core - INFO - Group-int8_group 'act_ckpt_998_2941440497440' (16, 256, 512): ratio=0.258, groups=4
2026-09-26 13:12:44,063 - mneme.mneme_core - INFO - Registered 'act_ckpt_998_2941440497440'. Type: quantized_group. Addr: 7f72d372
2026-09-26 13:12:44,288 - mneme.mneme_core - INFO - Group-int8_group 'act_ckpt_999_2941440503280' (16, 256, 512): ratio=0.258, groups=4
2026-09-26 13:12:46,852 - mneme.mneme_core - INFO - Registered 'act_ckpt_999_2941440503280'. Type: quantized_group. Addr: 7f72d372
2026-09-26 13:12:47,139 - mneme.mneme_core - INFO - Group-int8_group 'act_ckpt_1000_2943667138192' (16, 256, 512): ratio=0.258, groups=4
2026-09-26 13:12:49,675 - mneme.mneme_core - INFO - Registered 'act_ckpt_1000_2943667138192'. Type: quantized_group. Addr: 7f72d372
2026-09-26 13:12:49,946 - mneme.mneme_core - INFO - Group-int8_group 'act_ckpt_1001_2943666980976' (16, 256, 512): ratio=0.258, groups=4
2026-09-26 13:12:52,504 - mneme.mneme_core - INFO - Registered 'act_ckpt_1001_2943666980976'. Type: quantized_group. Addr: 7f72d372
2026-09-26 13:12:52,738 - mneme.mneme_core - INFO - Group-int8_group 'act_ckpt_1002_2945454456368' (16, 256, 512): ratio=0.258, groups=4
2026-09-26 13:12:55,297 - mneme.mneme_core - INFO - Registered 'act_ckpt_1002_2945454456368'. Type: quantized_group. Addr: 7f72d372
2026-09-26 13:12:55,684 - mneme.mneme_core - INFO - Group-int8_group 'act_ckpt_1003_2945454443008' (16, 256, 512): ratio=0.258, groups=4
2026-09-26 13:12:58,233 - mneme.mneme_core - INFO - Registered 'act_ckpt_1003_2945454443008'. Type: quantized_group. Addr: 7f72d372
2026-09-26 13:12:58,523 - mneme.mneme_core - INFO - Group-int8_group 'act_ckpt_1004_2945454453408' (16, 256, 512): ratio=0.258, groups=4
2026-09-26 13:13:01,069 - mneme.mneme_core - INFO - Registered 'act_ckpt_1004_2945454453408'. Type: quantized_group. Addr: 7f72d372
2026-09-26 13:13:01,341 - mneme.mneme_core - INFO - Group-int8_group 'act_ckpt_1005_2945454947168' (16, 256, 512): ratio=0.258, groups=4
2026-09-26 13:13:03,918 - mneme.mneme_core - INFO - Registered 'act_ckpt_1005_2945454947168'. Type: quantized_group. Addr: 7f72d372
2026-09-26 13:13:04,153 - mneme.mneme_core - INFO - Group-int8_group 'act_ckpt_1006_2945454946688' (16, 256, 512): ratio=0.258, groups=4
2026-09-26 13:13:06,716 - mneme.mneme_core - INFO - Registered 'act_ckpt_1006_2945454946688'. Type: quantized_group. Addr: 7f72d372
2026-09-26 13:13:07,092 - mneme.mneme_core - INFO - Group-int8_group 'act_ckpt_1007_2945454946128' (16, 256, 512): ratio=0.258, groups=4
2026-09-26 13:13:09,653 - mneme.mneme_core - INFO - Registered 'act_ckpt_1007_2945454946128'. Type: quantized_group. Addr: 7f72d372
2026-09-26 13:13:09,876 - mneme.mneme_core - INFO - Group-int8_group 'act_ckpt_1008_2940775166464' (16, 256, 512): ratio=0.258, groups=4
2026-09-26 13:13:12,444 - mneme.mneme_core - INFO - Registered 'act_ckpt_1008_2940775166464'. Type: quantized_group. Addr: 7f72d372
2026-09-26 13:13:20,375 - mneme.mneme_core - INFO - Group-int8_group 'act_ckpt_1009_2943667650720' (16, 256, 512): ratio=0.255, groups=4
2026-09-26 13:13:22,926 - mneme.mneme_core - INFO - Registered 'act_ckpt_1009_2943667650720'. Type: quantized_group. Addr: 7f72d372
2026-09-26 13:13:23,160 - mneme.mneme_core - INFO - Group-int8_group 'act_ckpt_1010_2943667653840' (16, 256, 512): ratio=0.258, groups=4
2026-09-26 13:13:25,722 - mneme.mneme_core - INFO - Registered 'act_ckpt_1010_2943667653840'. Type: quantized_group. Addr: 7f72d372
2026-09-26 13:13:26,098 - mneme.mneme_core - INFO - Group-int8_group 'act_ckpt_1011_2943667652160' (16, 256, 512): ratio=0.258, groups=4
2026-09-26 13:13:28,636 - mneme.mneme_core - INFO - Registered 'act_ckpt_1011_2943667652160'. Type: quantized_group. Addr: 7f72d372
2026-09-26 13:13:28,867 - mneme.mneme_core - INFO - Group-int8_group 'act_ckpt_1012_2943666802032' (16, 256, 512): ratio=0.258, groups=4
2026-09-26 13:13:31,429 - mneme.mneme_core - INFO - Registered 'act_ckpt_1012_2943666802032'. Type: quantized_group. Addr: 7f72d372
2026-09-26 13:13:31,664 - mneme.mneme_core - INFO - Group-int8_group 'act_ckpt_1013_2941440531248' (16, 256, 512): ratio=0.258, groups=4
2026-09-26 13:13:34,200 - mneme.mneme_core - INFO - Registered 'act_ckpt_1013_2941440531248'. Type: quantized_group. Addr: 7f72d372
2026-09-26 13:13:34,516 - mneme.mneme_core - INFO - Group-int8_group 'act_ckpt_1014_2941440532848' (16, 256, 512): ratio=0.258, groups=4
2026-09-26 13:13:37,108 - mneme.mneme_core - INFO - Registered 'act_ckpt_1014_2941440532848'. Type: quantized_group. Addr: 7f72d372
2026-09-26 13:13:37,428 - mneme.mneme_core - INFO - Group-int8_group 'act_ckpt_1015_2940775223920' (16, 256, 512): ratio=0.258, groups=4
2026-09-26 13:13:39,977 - mneme.mneme_core - INFO - Registered 'act_ckpt_1015_2940775223920'. Type: quantized_group. Addr: 7f72d372
2026-09-26 13:13:40,279 - mneme.mneme_core - INFO - Group-int8_group 'act_ckpt_1016_2940775224560' (16, 256, 512): ratio=0.258, groups=4
2026-09-26 13:13:42,868 - mneme.mneme_core - INFO - Registered 'act_ckpt_1016_2940775224560'. Type: quantized_group. Addr: 7f72d372
2026-09-26 13:13:43,084 - mneme.mneme_core - INFO - Group-int8_group 'act_ckpt_1017_2940775230080' (16, 256, 512): ratio=0.258, groups=4
2026-09-26 13:13:45,624 - mneme.mneme_core - INFO - Registered 'act_ckpt_1017_2940775230080'. Type: quantized_group. Addr: 7f72d372
2026-09-26 13:13:45,858 - mneme.mneme_core - INFO - Group-int8_group 'act_ckpt_1018_2940775223280' (16, 256, 512): ratio=0.258, groups=4
2026-09-26 13:13:48,425 - mneme.mneme_core - INFO - Registered 'act_ckpt_1018_2940775223280'. Type: quantized_group. Addr: 7f72d372
2026-09-26 13:13:48,715 - mneme.mneme_core - INFO - Group-int8_group 'act_ckpt_1019_2940775219360' (16, 256, 512): ratio=0.258, groups=4
2026-09-26 13:13:51,265 - mneme.mneme_core - INFO - Registered 'act_ckpt_1019_2940775219360'. Type: quantized_group. Addr: 7f72d372
2026-09-26 13:13:51,474 - mneme.mneme_core - INFO - Group-int8_group 'act_ckpt_1020_2941440547232' (16, 256, 512): ratio=0.258, groups=4
2026-09-26 13:13:54,034 - mneme.mneme_core - INFO - Registered 'act_ckpt_1020_2941440547232'. Type: quantized_group. Addr: 7f72d372
2026-09-26 13:14:02,385 - mneme.mneme_core - INFO - Group-int8_group 'act_ckpt_1021_2945454634032' (16, 256, 512): ratio=0.255, groups=4
2026-09-26 13:14:04,926 - mneme.mneme_core - INFO - Registered 'act_ckpt_1021_2945454634032'. Type: quantized_group. Addr: 7f72d372
2026-09-26 13:14:05,161 - mneme.mneme_core - INFO - Group-int8_group 'act_ckpt_1022_2945454624992' (16, 256, 512): ratio=0.258, groups=4
2026-09-26 13:14:07,725 - mneme.mneme_core - INFO - Registered 'act_ckpt_1022_2945454624992'. Type: quantized_group. Addr: 7f72d372
2026-09-26 13:14:08,100 - mneme.mneme_core - INFO - Group-int8_group 'act_ckpt_1023_2945454626192' (16, 256, 512): ratio=0.258, groups=4
2026-09-26 13:14:10,657 - mneme.mneme_core - INFO - Registered 'act_ckpt_1023_2945454626192'. Type: quantized_group. Addr: 7f72d372
2026-09-26 13:14:10,866 - mneme.mneme_core - INFO - Group-int8_group 'act_ckpt_1024_2945454627312' (16, 256, 512): ratio=0.258, groups=4
2026-09-26 13:14:13,531 - mneme.mneme_core - INFO - Registered 'act_ckpt_1024_2945454627312'. Type: quantized_group. Addr: 7f72d372
2026-09-26 13:14:13,873 - mneme.mneme_core - INFO - Group-int8_group 'act_ckpt_1025_2945454630032' (16, 256, 512): ratio=0.258, groups=4
2026-09-26 13:14:16,494 - mneme.mneme_core - INFO - Registered 'act_ckpt_1025_2945454630032'. Type: quantized_group. Addr: 7f72d372
2026-09-26 13:14:16,820 - mneme.mneme_core - INFO - Group-int8_group 'act_ckpt_1026_2945454630752' (16, 256, 512): ratio=0.258, groups=4
2026-09-26 13:14:19,425 - mneme.mneme_core - INFO - Registered 'act_ckpt_1026_2945454630752'. Type: quantized_group. Addr: 7f72d372
2026-09-26 13:14:19,655 - mneme.mneme_core - INFO - Group-int8_group 'act_ckpt_1027_2945454628352' (16, 256, 512): ratio=0.258, groups=4
2026-09-26 13:14:22,274 - mneme.mneme_core - INFO - Registered 'act_ckpt_1027_2945454628352'. Type: quantized_group. Addr: 7f72d372
2026-09-26 13:14:22,600 - mneme.mneme_core - INFO - Group-int8_group 'act_ckpt_1028_2945454630352' (16, 256, 512): ratio=0.258, groups=4
2026-09-26 13:14:25,157 - mneme.mneme_core - INFO - Registered 'act_ckpt_1028_2945454630352'. Type: quantized_group. Addr: 7f72d372
2026-09-26 13:14:25,497 - mneme.mneme_core - INFO - Group-int8_group 'act_ckpt_1029_2945454620832' (16, 256, 512): ratio=0.258, groups=4
2026-09-26 13:14:28,070 - mneme.mneme_core - INFO - Registered 'act_ckpt_1029_2945454620832'. Type: quantized_group. Addr: 7f72d372
2026-09-26 13:14:28,399 - mneme.mneme_core - INFO - Group-int8_group 'act_ckpt_1030_2945454636992' (16, 256, 512): ratio=0.258, groups=4
2026-09-26 13:14:30,995 - mneme.mneme_core - INFO - Registered 'act_ckpt_1030_2945454636992'. Type: quantized_group. Addr: 7f72d372
2026-09-26 13:14:31,297 - mneme.mneme_core - INFO - Group-int8_group 'act_ckpt_1031_2945454635392' (16, 256, 512): ratio=0.258, groups=4
2026-09-26 13:14:33,880 - mneme.mneme_core - INFO - Registered 'act_ckpt_1031_2945454635392'. Type: quantized_group. Addr: 7f72d372
2026-09-26 13:14:34,115 - mneme.mneme_core - INFO - Group-int8_group 'act_ckpt_1032_2945454633712' (16, 256, 512): ratio=0.258, groups=4
2026-09-26 13:14:36,696 - mneme.mneme_core - INFO - Registered 'act_ckpt_1032_2945454633712'. Type: quantized_group. Addr: 7f72d372
2026-09-26 13:14:44,717 - mneme.mneme_core - INFO - Group-int8_group 'act_ckpt_1033_2940775167904' (16, 256, 512): ratio=0.256, groups=4
2026-09-26 13:14:47,288 - mneme.mneme_core - INFO - Registered 'act_ckpt_1033_2940775167904'. Type: quantized_group. Addr: 7f72d372
2026-09-26 13:14:47,648 - mneme.mneme_core - INFO - Group-int8_group 'act_ckpt_1034_2943667370288' (16, 256, 512): ratio=0.258, groups=4
2026-09-26 13:14:50,185 - mneme.mneme_core - INFO - Registered 'act_ckpt_1034_2943667370288'. Type: quantized_group. Addr: 7f72d372
2026-09-26 13:14:50,478 - mneme.mneme_core - INFO - Group-int8_group 'act_ckpt_1035_2943667370848' (16, 256, 512): ratio=0.258, groups=4
2026-09-26 13:14:53,036 - mneme.mneme_core - INFO - Registered 'act_ckpt_1035_2943667370848'. Type: quantized_group. Addr: 7f72d372
2026-09-26 13:14:53,251 - mneme.mneme_core - INFO - Group-int8_group 'act_ckpt_1036_2943667366208' (16, 256, 512): ratio=0.258, groups=4
2026-09-26 13:14:55,806 - mneme.mneme_core - INFO - Registered 'act_ckpt_1036_2943667366208'. Type: quantized_group. Addr: 7f72d372
2026-09-26 13:14:56,085 - mneme.mneme_core - INFO - Group-int8_group 'act_ckpt_1037_2943667367968' (16, 256, 512): ratio=0.258, groups=4
2026-09-26 13:14:58,645 - mneme.mneme_core - INFO - Registered 'act_ckpt_1037_2943667367968'. Type: quantized_group. Addr: 7f72d372
2026-09-26 13:14:58,841 - mneme.mneme_core - INFO - Group-int8_group 'act_ckpt_1038_2943667359568' (16, 256, 512): ratio=0.258, groups=4
2026-09-26 13:15:01,407 - mneme.mneme_core - INFO - Registered 'act_ckpt_1038_2943667359568'. Type: quantized_group. Addr: 7f72d372
2026-09-26 13:15:01,624 - mneme.mneme_core - INFO - Group-int8_group 'act_ckpt_1039_2943667365568' (16, 256, 512): ratio=0.258, groups=4
2026-09-26 13:15:04,164 - mneme.mneme_core - INFO - Registered 'act_ckpt_1039_2943667365568'. Type: quantized_group. Addr: 7f72d372
2026-09-26 13:15:04,480 - mneme.mneme_core - INFO - Group-int8_group 'act_ckpt_1040_2943667369248' (16, 256, 512): ratio=0.258, groups=4
2026-09-26 13:15:07,038 - mneme.mneme_core - INFO - Registered 'act_ckpt_1040_2943667369248'. Type: quantized_group. Addr: 7f72d372
2026-09-26 13:15:07,238 - mneme.mneme_core - INFO - Group-int8_group 'act_ckpt_1041_2943666991296' (16, 256, 512): ratio=0.258, groups=4
2026-09-26 13:15:09,816 - mneme.mneme_core - INFO - Registered 'act_ckpt_1041_2943666991296'. Type: quantized_group. Addr: 7f72d372
2026-09-26 13:15:10,032 - mneme.mneme_core - INFO - Group-int8_group 'act_ckpt_1042_2943667651200' (16, 256, 512): ratio=0.258, groups=4
2026-09-26 13:15:12,609 - mneme.mneme_core - INFO - Registered 'act_ckpt_1042_2943667651200'. Type: quantized_group. Addr: 7f72d372
2026-09-26 13:15:12,888 - mneme.mneme_core - INFO - Group-int8_group 'act_ckpt_1043_2943667661120' (16, 256, 512): ratio=0.258, groups=4
2026-09-26 13:15:15,475 - mneme.mneme_core - INFO - Registered 'act_ckpt_1043_2943667661120'. Type: quantized_group. Addr: 7f72d372
2026-09-26 13:15:15,772 - mneme.mneme_core - INFO - Group-int8_group 'act_ckpt_1044_2943667723056' (16, 256, 512): ratio=0.258, groups=4
2026-09-26 13:15:18,332 - mneme.mneme_core - INFO - Registered 'act_ckpt_1044_2943667723056'. Type: quantized_group. Addr: 7f72d372
2026-09-26 13:15:25,760 - mneme.mneme_core - INFO - Group-int8_group 'act_ckpt_1045_2941440517424' (16, 256, 512): ratio=0.255, groups=4
2026-09-26 13:15:28,313 - mneme.mneme_core - INFO - Registered 'act_ckpt_1045_2941440517424'. Type: quantized_group. Addr: 7f72d372
2026-09-26 13:15:28,549 - mneme.mneme_core - INFO - Group-int8_group 'act_ckpt_1046_2941440516464' (16, 256, 512): ratio=0.258, groups=4
2026-09-26 13:15:31,091 - mneme.mneme_core - INFO - Registered 'act_ckpt_1046_2941440516464'. Type: quantized_group. Addr: 7f72d372
2026-09-26 13:15:31,403 - mneme.mneme_core - INFO - Group-int8_group 'act_ckpt_1047_2941440513584' (16, 256, 512): ratio=0.258, groups=4
2026-09-26 13:15:33,982 - mneme.mneme_core - INFO - Registered 'act_ckpt_1047_2941440513584'. Type: quantized_group. Addr: 7f72d372
2026-09-26 13:15:34,279 - mneme.mneme_core - INFO - Group-int8_group 'act_ckpt_1048_2941440523504' (16, 256, 512): ratio=0.258, groups=4
2026-09-26 13:15:36,833 - mneme.mneme_core - INFO - Registered 'act_ckpt_1048_2941440523504'. Type: quantized_group. Addr: 7f72d372
2026-09-26 13:15:37,041 - mneme.mneme_core - INFO - Group-int8_group 'act_ckpt_1049_2943666800272' (16, 256, 512): ratio=0.258, groups=4
2026-09-26 13:15:39,622 - mneme.mneme_core - INFO - Registered 'act_ckpt_1049_2943666800272'. Type: quantized_group. Addr: 7f72d372
2026-09-26 13:15:39,834 - mneme.mneme_core - INFO - Group-int8_group 'act_ckpt_1050_2943666800032' (16, 256, 512): ratio=0.258, groups=4
2026-09-26 13:15:42,405 - mneme.mneme_core - INFO - Registered 'act_ckpt_1050_2943666800032'. Type: quantized_group. Addr: 7f72d372
2026-09-26 13:15:42,686 - mneme.mneme_core - INFO - Group-int8_group 'act_ckpt_1051_2943666800672' (16, 256, 512): ratio=0.258, groups=4
2026-09-26 13:15:42,703 - mneme.mneme_core - INFO - Registered 'act_ckpt_1051_2943666800672'. Type: quantized_group. Addr: 7f72d372
2026-09-26 13:15:42,824 - mneme.mneme_core - INFO - Group-int8_group 'act_ckpt_1052_2945454934688' (16, 256, 512): ratio=0.258, groups=4
2026-09-26 13:15:47,947 - mneme.mneme_core - INFO - Registered 'act_ckpt_1052_2945454934688'. Type: quantized_group. Addr: 7f72d372
2026-09-26 13:15:48,274 - mneme.mneme_core - INFO - Group-int8_group 'act_ckpt_1053_2945454935248' (16, 256, 512): ratio=0.258, groups=4
2026-09-26 13:15:50,809 - mneme.mneme_core - INFO - Registered 'act_ckpt_1053_2945454935248'. Type: quantized_group. Addr: 7f72d372
2026-09-26 13:15:51,087 - mneme.mneme_core - INFO - Group-int8_group 'act_ckpt_1054_2945454936208' (16, 256, 512): ratio=0.258, groups=4
2026-09-26 13:15:53,668 - mneme.mneme_core - INFO - Registered 'act_ckpt_1054_2945454936208'. Type: quantized_group. Addr: 7f72d372
2026-09-26 13:15:53,904 - mneme.mneme_core - INFO - Group-int8_group 'act_ckpt_1055_2945454935728' (16, 256, 512): ratio=0.258, groups=4
2026-09-26 13:15:56,448 - mneme.mneme_core - INFO - Registered 'act_ckpt_1055_2945454935728'. Type: quantized_group. Addr: 7f72d372
2026-09-26 13:15:56,836 - mneme.mneme_core - INFO - Group-int8_group 'act_ckpt_1056_2945454936848' (16, 256, 512): ratio=0.258, groups=4
2026-09-26 13:15:59,381 - mneme.mneme_core - INFO - Registered 'act_ckpt_1056_2945454936848'. Type: quantized_group. Addr: 7f72d372
2026-09-26 13:16:05,627 - mneme.mneme_core - INFO - Group-int8_group 'act_ckpt_1057_2943667096064' (16, 256, 512): ratio=0.256, groups=4
2026-09-26 13:16:08,184 - mneme.mneme_core - INFO - Registered 'act_ckpt_1057_2943667096064'. Type: quantized_group. Addr: 7f72d372
2026-09-26 13:16:08,415 - mneme.mneme_core - INFO - Group-int8_group 'act_ckpt_1058_2943667097744' (16, 256, 512): ratio=0.258, groups=4
2026-09-26 13:16:10,962 - mneme.mneme_core - INFO - Registered 'act_ckpt_1058_2943667097744'. Type: quantized_group. Addr: 7f72d372
2026-09-26 13:16:11,196 - mneme.mneme_core - INFO - Group-int8_group 'act_ckpt_1059_2943667105664' (16, 256, 512): ratio=0.258, groups=4
2026-09-26 13:16:13,784 - mneme.mneme_core - INFO - Registered 'act_ckpt_1059_2943667105664'. Type: quantized_group. Addr: 7f72d372
2026-09-26 13:16:14,072 - mneme.mneme_core - INFO - Group-int8_group 'act_ckpt_1060_2945454621152' (16, 256, 512): ratio=0.258, groups=4
2026-09-26 13:16:16,625 - mneme.mneme_core - INFO - Registered 'act_ckpt_1060_2945454621152'. Type: quantized_group. Addr: 7f72d372
2026-09-26 13:16:16,895 - mneme.mneme_core - INFO - Group-int8_group 'act_ckpt_1061_2945454626672' (16, 256, 512): ratio=0.258, groups=4
2026-09-26 13:16:19,446 - mneme.mneme_core - INFO - Registered 'act_ckpt_1061_2945454626672'. Type: quantized_group. Addr: 7f72d372
2026-09-26 13:16:19,675 - mneme.mneme_core - INFO - Group-int8_group 'act_ckpt_1062_2945454621552' (16, 256, 512): ratio=0.258, groups=4
2026-09-26 13:16:22,224 - mneme.mneme_core - INFO - Registered 'act_ckpt_1062_2945454621552'. Type: quantized_group. Addr: 7f72d372
2026-09-26 13:16:22,499 - mneme.mneme_core - INFO - Group-int8_group 'act_ckpt_1063_2945454623392' (16, 256, 512): ratio=0.258, groups=4
2026-09-26 13:16:22,517 - mneme.mneme_core - INFO - Registered 'act_ckpt_1063_2945454623392'. Type: quantized_group. Addr: 7f72d372
2026-09-26 13:16:22,635 - mneme.mneme_core - INFO - Group-int8_group 'act_ckpt_1064_2945454632192' (16, 256, 512): ratio=0.258, groups=4
2026-09-26 13:16:25,220 - mneme.mneme_core - INFO - Registered 'act_ckpt_1064_2945454632192'. Type: quantized_group. Addr: 7f72d372
2026-09-26 13:16:25,426 - mneme.mneme_core - INFO - Group-int8_group 'act_ckpt_1065_2945454624912' (16, 256, 512): ratio=0.258, groups=4
2026-09-26 13:16:30,561 - mneme.mneme_core - INFO - Registered 'act_ckpt_1065_2945454624912'. Type: quantized_group. Addr: 7f72d372
2026-09-26 13:16:30,865 - mneme.mneme_core - INFO - Group-int8_group 'act_ckpt_1066_2945454624192' (16, 256, 512): ratio=0.258, groups=4
2026-09-26 13:16:33,452 - mneme.mneme_core - INFO - Registered 'act_ckpt_1066_2945454624192'. Type: quantized_group. Addr: 7f72d372
2026-09-26 13:16:33,770 - mneme.mneme_core - INFO - Group-int8_group 'act_ckpt_1067_2945454634192' (16, 256, 512): ratio=0.258, groups=4
2026-09-26 13:16:33,786 - mneme.mneme_core - INFO - Registered 'act_ckpt_1067_2945454634192'. Type: quantized_group. Addr: 7f72d372
2026-09-26 13:16:33,905 - mneme.mneme_core - INFO - Group-int8_group 'act_ckpt_1068_2945454628832' (16, 256, 512): ratio=0.258, groups=4
2026-09-26 13:16:39,026 - mneme.mneme_core - INFO - Registered 'act_ckpt_1068_2945454628832'. Type: quantized_group. Addr: 7f72d372
2026-09-26 13:16:47,100 - mneme.mneme_core - INFO - Group-int8_group 'act_ckpt_1069_2945454938688' (16, 256, 512): ratio=0.256, groups=4
2026-09-26 13:16:49,655 - mneme.mneme_core - INFO - Registered 'act_ckpt_1069_2945454938688'. Type: quantized_group. Addr: 7f72d372
2026-09-26 13:16:49,969 - mneme.mneme_core - INFO - Group-int8_group 'act_ckpt_1070_2945454939248' (16, 256, 512): ratio=0.258, groups=4
2026-09-26 13:16:52,530 - mneme.mneme_core - INFO - Registered 'act_ckpt_1070_2945454939248'. Type: quantized_group. Addr: 7f72d372
2026-09-26 13:16:52,838 - mneme.mneme_core - INFO - Group-int8_group 'act_ckpt_1071_2945454940688' (16, 256, 512): ratio=0.258, groups=4
2026-09-26 13:16:55,393 - mneme.mneme_core - INFO - Registered 'act_ckpt_1071_2945454940688'. Type: quantized_group. Addr: 7f72d372
2026-09-26 13:16:55,619 - mneme.mneme_core - INFO - Group-int8_group 'act_ckpt_1072_2945454941328' (16, 256, 512): ratio=0.258, groups=4
2026-09-26 13:16:58,165 - mneme.mneme_core - INFO - Registered 'act_ckpt_1072_2945454941328'. Type: quantized_group. Addr: 7f72d372
2026-09-26 13:16:58,455 - mneme.mneme_core - INFO - Group-int8_group 'act_ckpt_1073_2945454941568' (16, 256, 512): ratio=0.258, groups=4
2026-09-26 13:17:00,995 - mneme.mneme_core - INFO - Registered 'act_ckpt_1073_2945454941568'. Type: quantized_group. Addr: 7f72d372
2026-09-26 13:17:01,269 - mneme.mneme_core - INFO - Group-int8_group 'act_ckpt_1074_2945454943328' (16, 256, 512): ratio=0.258, groups=4
2026-09-26 13:17:03,827 - mneme.mneme_core - INFO - Registered 'act_ckpt_1074_2945454943328'. Type: quantized_group. Addr: 7f72d372
2026-09-26 13:17:04,062 - mneme.mneme_core - INFO - Group-int8_group 'act_ckpt_1075_2945454945088' (16, 256, 512): ratio=0.258, groups=4
2026-09-26 13:17:04,084 - mneme.mneme_core - INFO - Registered 'act_ckpt_1075_2945454945088'. Type: quantized_group. Addr: 7f72d372
2026-09-26 13:17:04,256 - mneme.mneme_core - INFO - Group-int8_group 'act_ckpt_1076_2945454945648' (16, 256, 512): ratio=0.258, groups=4
2026-09-26 13:17:06,816 - mneme.mneme_core - INFO - Registered 'act_ckpt_1076_2945454945648'. Type: quantized_group. Addr: 7f72d372
2026-09-26 13:17:07,051 - mneme.mneme_core - INFO - Group-int8_group 'act_ckpt_1077_2945454935168' (16, 256, 512): ratio=0.258, groups=4
2026-09-26 13:17:12,159 - mneme.mneme_core - INFO - Registered 'act_ckpt_1077_2945454935168'. Type: quantized_group. Addr: 7f72d372
2026-09-26 13:17:12,459 - mneme.mneme_core - INFO - Group-int8_group 'act_ckpt_1078_2945454935328' (16, 256, 512): ratio=0.258, groups=4
2026-09-26 13:17:15,012 - mneme.mneme_core - INFO - Registered 'act_ckpt_1078_2945454935328'. Type: quantized_group. Addr: 7f72d372
2026-09-26 13:17:15,217 - mneme.mneme_core - INFO - Group-int8_group 'act_ckpt_1079_2945454933328' (16, 256, 512): ratio=0.258, groups=4
2026-09-26 13:17:17,779 - mneme.mneme_core - INFO - Registered 'act_ckpt_1079_2945454933328'. Type: quantized_group. Addr: 7f72d372
2026-09-26 13:17:18,005 - mneme.mneme_core - INFO - Group-int8_group 'act_ckpt_1080_2945454934368' (16, 256, 512): ratio=0.258, groups=4
2026-09-26 13:17:20,555 - mneme.mneme_core - INFO - Registered 'act_ckpt_1080_2945454934368'. Type: quantized_group. Addr: 7f72d372
2026-09-26 13:17:28,902 - mneme.mneme_core - INFO - Group-int8_group 'act_ckpt_1081_2945454622272' (16, 256, 512): ratio=0.256, groups=4
2026-09-26 13:17:31,443 - mneme.mneme_core - INFO - Registered 'act_ckpt_1081_2945454622272'. Type: quantized_group. Addr: 7f72d372
2026-09-26 13:17:31,678 - mneme.mneme_core - INFO - Group-int8_group 'act_ckpt_1082_2945454633232' (16, 256, 512): ratio=0.258, groups=4
2026-09-26 13:17:34,229 - mneme.mneme_core - INFO - Registered 'act_ckpt_1082_2945454633232'. Type: quantized_group. Addr: 7f72d372
2026-09-26 13:17:34,610 - mneme.mneme_core - INFO - Group-int8_group 'act_ckpt_1083_2945454635632' (16, 256, 512): ratio=0.258, groups=4
2026-09-26 13:17:37,174 - mneme.mneme_core - INFO - Registered 'act_ckpt_1083_2945454635632'. Type: quantized_group. Addr: 7f72d372
2026-09-26 13:17:37,461 - mneme.mneme_core - INFO - Group-int8_group 'act_ckpt_1084_2941441327584' (16, 256, 512): ratio=0.258, groups=4
2026-09-26 13:17:40,011 - mneme.mneme_core - INFO - Registered 'act_ckpt_1084_2941441327584'. Type: quantized_group. Addr: 7f72d372
2026-09-26 13:17:40,339 - mneme.mneme_core - INFO - Group-int8_group 'act_ckpt_1085_2943666826256' (16, 256, 512): ratio=0.258, groups=4
2026-09-26 13:17:42,889 - mneme.mneme_core - INFO - Registered 'act_ckpt_1085_2943666826256'. Type: quantized_group. Addr: 7f72d372
2026-09-26 13:17:43,223 - mneme.mneme_core - INFO - Group-int8_group 'act_ckpt_1086_2943667720416' (16, 256, 512): ratio=0.258, groups=4
2026-09-26 13:17:45,766 - mneme.mneme_core - INFO - Registered 'act_ckpt_1086_2943667720416'. Type: quantized_group. Addr: 7f72d372
2026-09-26 13:17:45,999 - mneme.mneme_core - INFO - Group-int8_group 'act_ckpt_1087_2943667721856' (16, 256, 512): ratio=0.258, groups=4
2026-09-26 13:17:46,016 - mneme.mneme_core - INFO - Registered 'act_ckpt_1087_2943667721856'. Type: quantized_group. Addr: 7f72d372
2026-09-26 13:17:46,137 - mneme.mneme_core - INFO - Group-int8_group 'act_ckpt_1088_2943667720896' (16, 256, 512): ratio=0.258, groups=4
2026-09-26 13:17:48,721 - mneme.mneme_core - INFO - Registered 'act_ckpt_1088_2943667720896'. Type: quantized_group. Addr: 7f72d372
2026-09-26 13:17:48,957 - mneme.mneme_core - INFO - Group-int8_group 'act_ckpt_1089_2943667151296' (16, 256, 512): ratio=0.258, groups=4
2026-09-26 13:17:54,070 - mneme.mneme_core - INFO - Registered 'act_ckpt_1089_2943667151296'. Type: quantized_group. Addr: 7f72d372
2026-09-26 13:17:54,435 - mneme.mneme_core - INFO - Group-int8_group 'act_ckpt_1090_2943667144256' (16, 256, 512): ratio=0.258, groups=4
2026-09-26 13:17:56,993 - mneme.mneme_core - INFO - Registered 'act_ckpt_1090_2943667144256'. Type: quantized_group. Addr: 7f72d372
2026-09-26 13:17:57,201 - mneme.mneme_core - INFO - Group-int8_group 'act_ckpt_1091_2943667154256' (16, 256, 512): ratio=0.258, groups=4
2026-09-26 13:17:59,769 - mneme.mneme_core - INFO - Registered 'act_ckpt_1091_2943667154256'. Type: quantized_group. Addr: 7f72d372
2026-09-26 13:18:00,054 - mneme.mneme_core - INFO - Group-int8_group 'act_ckpt_1092_2943667142896' (16, 256, 512): ratio=0.258, groups=4
2026-09-26 13:18:02,635 - mneme.mneme_core - INFO - Registered 'act_ckpt_1092_2943667142896'. Type: quantized_group. Addr: 7f72d372
2026-09-26 13:18:10,729 - mneme.mneme_core - INFO - Group-int8_group 'act_ckpt_1093_2945455127472' (16, 256, 512): ratio=0.255, groups=4
2026-09-26 13:18:13,301 - mneme.mneme_core - INFO - Registered 'act_ckpt_1093_2945455127472'. Type: quantized_group. Addr: 7f72d372
2026-09-26 13:18:13,537 - mneme.mneme_core - INFO - Group-int8_group 'act_ckpt_1094_2945455128272' (16, 256, 512): ratio=0.258, groups=4
2026-09-26 13:18:16,080 - mneme.mneme_core - INFO - Registered 'act_ckpt_1094_2945455128272'. Type: quantized_group. Addr: 7f72d372
2026-09-26 13:18:16,425 - mneme.mneme_core - INFO - Group-int8_group 'act_ckpt_1095_2945455126352' (16, 256, 512): ratio=0.258, groups=4
2026-09-26 13:18:18,975 - mneme.mneme_core - INFO - Registered 'act_ckpt_1095_2945455126352'. Type: quantized_group. Addr: 7f72d372
2026-09-26 13:18:19,190 - mneme.mneme_core - INFO - Group-int8_group 'act_ckpt_1096_2941440547712' (16, 256, 512): ratio=0.258, groups=4
2026-09-26 13:18:21,756 - mneme.mneme_core - INFO - Registered 'act_ckpt_1096_2941440547712'. Type: quantized_group. Addr: 7f72d372
2026-09-26 13:18:21,988 - mneme.mneme_core - INFO - Group-int8_group 'act_ckpt_1097_2945454944448' (16, 256, 512): ratio=0.258, groups=4
2026-09-26 13:18:24,541 - mneme.mneme_core - INFO - Registered 'act_ckpt_1097_2945454944448'. Type: quantized_group. Addr: 7f72d372
2026-09-26 13:18:24,833 - mneme.mneme_core - INFO - Group-int8_group 'act_ckpt_1098_2945454942848' (16, 256, 512): ratio=0.258, groups=4
2026-09-26 13:18:27,400 - mneme.mneme_core - INFO - Registered 'act_ckpt_1098_2945454942848'. Type: quantized_group. Addr: 7f72d372
2026-09-26 13:18:27,872 - mneme.mneme_core - INFO - Group-int8_group 'act_ckpt_1099_2945454940128' (16, 256, 512): ratio=0.258, groups=4
2026-09-26 13:18:27,899 - mneme.mneme_core - INFO - Registered 'act_ckpt_1099_2945454940128'. Type: quantized_group. Addr: 7f72d372
2026-09-26 13:18:28,076 - mneme.mneme_core - INFO - Group-int8_group 'act_ckpt_1100_2945454940608' (16, 256, 512): ratio=0.258, groups=4
2026-09-26 13:18:30,709 - mneme.mneme_core - INFO - Registered 'act_ckpt_1100_2945454940608'. Type: quantized_group. Addr: 7f72d372
2026-09-26 13:18:30,836 - mneme.mneme_core - INFO - Group-int8_group 'act_ckpt_1101_2945454935568' (16, 256, 512): ratio=0.258, groups=4
2026-09-26 13:18:36,035 - mneme.mneme_core - INFO - Registered 'act_ckpt_1101_2945454935568'. Type: quantized_group. Addr: 7f72d372
2026-09-26 13:18:36,416 - mneme.mneme_core - INFO - Group-int8_group 'act_ckpt_1102_2941441370352' (16, 256, 512): ratio=0.258, groups=4
2026-09-26 13:18:39,052 - mneme.mneme_core - INFO - Registered 'act_ckpt_1102_2941441370352'. Type: quantized_group. Addr: 7f72d372
2026-09-26 13:18:39,299 - mneme.mneme_core - INFO - Group-int8_group 'act_ckpt_1103_2941441369712' (16, 256, 512): ratio=0.258, groups=4
2026-09-26 13:18:41,888 - mneme.mneme_core - INFO - Registered 'act_ckpt_1103_2941441369712'. Type: quantized_group. Addr: 7f72d372
2026-09-26 13:18:42,221 - mneme.mneme_core - INFO - Group-int8_group 'act_ckpt_1104_2941441368752' (16, 256, 512): ratio=0.258, groups=4
2026-09-26 13:18:44,819 - mneme.mneme_core - INFO - Registered 'act_ckpt_1104_2941441368752'. Type: quantized_group. Addr: 7f72d372
2026-09-26 13:18:52,897 - mneme.mneme_core - INFO - Group-int8_group 'act_ckpt_1105_2943667542912' (16, 256, 512): ratio=0.256, groups=4
2026-09-26 13:18:55,516 - mneme.mneme_core - INFO - Registered 'act_ckpt_1105_2943667542912'. Type: quantized_group. Addr: 7f72d372
2026-09-26 13:18:55,822 - mneme.mneme_core - INFO - Group-int8_group 'act_ckpt_1106_2943667542512' (16, 256, 512): ratio=0.258, groups=4
2026-09-26 13:18:58,450 - mneme.mneme_core - INFO - Registered 'act_ckpt_1106_2943667542512'. Type: quantized_group. Addr: 7f72d372
2026-09-26 13:18:58,798 - mneme.mneme_core - INFO - Group-int8_group 'act_ckpt_1107_2943667545552' (16, 256, 512): ratio=0.258, groups=4
2026-09-26 13:19:01,189 - mneme.mneme_core - INFO - Registered 'act_ckpt_1107_2943667545552'. Type: quantized_group. Addr: 7f72d372
2026-09-26 13:19:01,423 - mneme.mneme_core - INFO - Group-int8_group 'act_ckpt_1108_2945454669680' (16, 256, 512): ratio=0.258, groups=4
2026-09-26 13:19:03,803 - mneme.mneme_core - INFO - Registered 'act_ckpt_1108_2945454669680'. Type: quantized_group. Addr: 7f72d372
2026-09-26 13:19:04,193 - mneme.mneme_core - INFO - Group-int8_group 'act_ckpt_1109_2945454669200' (16, 256, 512): ratio=0.258, groups=4
2026-09-26 13:19:06,545 - mneme.mneme_core - INFO - Registered 'act_ckpt_1109_2945454669200'. Type: quantized_group. Addr: 7f72d372
2026-09-26 13:19:06,773 - mneme.mneme_core - INFO - Group-int8_group 'act_ckpt_1110_2945454660800' (16, 256, 512): ratio=0.258, groups=4
2026-09-26 13:19:09,151 - mneme.mneme_core - INFO - Registered 'act_ckpt_1110_2945454660800'. Type: quantized_group. Addr: 7f72d372
2026-09-26 13:19:09,383 - mneme.mneme_core - INFO - Group-int8_group 'act_ckpt_1111_2945454669040' (16, 256, 512): ratio=0.258, groups=4
2026-09-26 13:19:09,399 - mneme.mneme_core - INFO - Registered 'act_ckpt_1111_2945454669040'. Type: quantized_group. Addr: 7f72d372
2026-09-26 13:19:09,528 - mneme.mneme_core - INFO - Group-int8_group 'act_ckpt_1112_2945454669600' (16, 256, 512): ratio=0.258, groups=4
2026-09-26 13:19:14,284 - mneme.mneme_core - INFO - Registered 'act_ckpt_1112_2945454669600'. Type: quantized_group. Addr: 7f72d372
2026-09-26 13:19:14,611 - mneme.mneme_core - INFO - Group-int8_group 'act_ckpt_1113_2945454661520' (16, 256, 512): ratio=0.258, groups=4
2026-09-26 13:19:16,970 - mneme.mneme_core - INFO - Registered 'act_ckpt_1113_2945454661520'. Type: quantized_group. Addr: 7f72d372
2026-09-26 13:19:17,178 - mneme.mneme_core - INFO - Group-int8_group 'act_ckpt_1114_2945454668880' (16, 256, 512): ratio=0.258, groups=4
2026-09-26 13:19:19,553 - mneme.mneme_core - INFO - Registered 'act_ckpt_1114_2945454668880'. Type: quantized_group. Addr: 7f72d372
2026-09-26 13:19:19,774 - mneme.mneme_core - INFO - Group-int8_group 'act_ckpt_1115_2945454455888' (16, 256, 512): ratio=0.258, groups=4
2026-09-26 13:19:22,151 - mneme.mneme_core - INFO - Registered 'act_ckpt_1115_2945454455888'. Type: quantized_group. Addr: 7f72d372
2026-09-26 13:19:22,371 - mneme.mneme_core - INFO - Group-int8_group 'act_ckpt_1116_2945454669360' (16, 256, 512): ratio=0.258, groups=4
2026-09-26 13:19:24,845 - mneme.mneme_core - INFO - Registered 'act_ckpt_1116_2945454669360'. Type: quantized_group. Addr: 7f72d372
2026-09-26 13:19:32,905 - mneme.mneme_core - INFO - Group-int8_group 'act_ckpt_1117_2945454977776' (16, 256, 512): ratio=0.256, groups=4
2026-09-26 13:19:35,257 - mneme.mneme_core - INFO - Registered 'act_ckpt_1117_2945454977776'. Type: quantized_group. Addr: 7f72d372
2026-09-26 13:19:35,504 - mneme.mneme_core - INFO - Group-int8_group 'act_ckpt_1118_2945454969616' (16, 256, 512): ratio=0.258, groups=4
2026-09-26 13:19:37,873 - mneme.mneme_core - INFO - Registered 'act_ckpt_1118_2945454969616'. Type: quantized_group. Addr: 7f72d372
2026-09-26 13:19:38,123 - mneme.mneme_core - INFO - Group-int8_group 'act_ckpt_1119_2945454968576' (16, 256, 512): ratio=0.258, groups=4
2026-09-26 13:19:40,520 - mneme.mneme_core - INFO - Registered 'act_ckpt_1119_2945454968576'. Type: quantized_group. Addr: 7f72d372
2026-09-26 13:19:40,817 - mneme.mneme_core - INFO - Group-int8_group 'act_ckpt_1120_2945454968656' (16, 256, 512): ratio=0.258, groups=4
2026-09-26 13:19:43,173 - mneme.mneme_core - INFO - Registered 'act_ckpt_1120_2945454968656'. Type: quantized_group. Addr: 7f72d372
2026-09-26 13:19:43,419 - mneme.mneme_core - INFO - Group-int8_group 'act_ckpt_1121_2945454965936' (16, 256, 512): ratio=0.258, groups=4
2026-09-26 13:19:45,804 - mneme.mneme_core - INFO - Registered 'act_ckpt_1121_2945454965936'. Type: quantized_group. Addr: 7f72d372
2026-09-26 13:19:46,198 - mneme.mneme_core - INFO - Group-int8_group 'act_ckpt_1122_2945454966576' (16, 256, 512): ratio=0.258, groups=4
2026-09-26 13:19:48,584 - mneme.mneme_core - INFO - Registered 'act_ckpt_1122_2945454966576'. Type: quantized_group. Addr: 7f72d372
2026-09-26 13:19:48,831 - mneme.mneme_core - INFO - Group-int8_group 'act_ckpt_1123_2945454974256' (16, 256, 512): ratio=0.258, groups=4
2026-09-26 13:19:51,186 - mneme.mneme_core - INFO - Registered 'act_ckpt_1123_2945454974256'. Type: quantized_group. Addr: 7f72d372
2026-09-26 13:19:51,582 - mneme.mneme_core - INFO - Group-int8_group 'act_ckpt_1124_2945454966656' (16, 256, 512): ratio=0.258, groups=4
2026-09-26 13:19:54,001 - mneme.mneme_core - INFO - Registered 'act_ckpt_1124_2945454966656'. Type: quantized_group. Addr: 7f72d372
2026-09-26 13:19:54,251 - mneme.mneme_core - INFO - Group-int8_group 'act_ckpt_1125_2945454965696' (16, 256, 512): ratio=0.258, groups=4
2026-09-26 13:19:56,617 - mneme.mneme_core - INFO - Registered 'act_ckpt_1125_2945454965696'. Type: quantized_group. Addr: 7f72d372
2026-09-26 13:19:56,992 - mneme.mneme_core - INFO - Group-int8_group 'act_ckpt_1126_2945454965776' (16, 256, 512): ratio=0.258, groups=4
2026-09-26 13:19:59,354 - mneme.mneme_core - INFO - Registered 'act_ckpt_1126_2945454965776'. Type: quantized_group. Addr: 7f72d372
2026-09-26 13:19:59,562 - mneme.mneme_core - INFO - Group-int8_group 'act_ckpt_1127_2945454965136' (16, 256, 512): ratio=0.258, groups=4
2026-09-26 13:20:01,944 - mneme.mneme_core - INFO - Registered 'act_ckpt_1127_2945454965136'. Type: quantized_group. Addr: 7f72d372
2026-09-26 13:20:02,163 - mneme.mneme_core - INFO - Group-int8_group 'act_ckpt_1128_2945454970576' (16, 256, 512): ratio=0.258, groups=4
2026-09-26 13:20:04,522 - mneme.mneme_core - INFO - Registered 'act_ckpt_1128_2945454970576'. Type: quantized_group. Addr: 7f72d372
2026-09-26 13:20:12,319 - mneme.mneme_core - INFO - Group-int8_group 'act_ckpt_1129_2945454797472' (16, 256, 512): ratio=0.256, groups=4
2026-09-26 13:20:14,673 - mneme.mneme_core - INFO - Registered 'act_ckpt_1129_2945454797472'. Type: quantized_group. Addr: 7f72d372
2026-09-26 13:20:14,908 - mneme.mneme_core - INFO - Group-int8_group 'act_ckpt_1130_2945454791792' (16, 256, 512): ratio=0.258, groups=4
2026-09-26 13:20:17,270 - mneme.mneme_core - INFO - Registered 'act_ckpt_1130_2945454791792'. Type: quantized_group. Addr: 7f72d372
2026-09-26 13:20:17,515 - mneme.mneme_core - INFO - Group-int8_group 'act_ckpt_1131_2945455280752' (16, 256, 512): ratio=0.258, groups=4
2026-09-26 13:20:19,896 - mneme.mneme_core - INFO - Registered 'act_ckpt_1131_2945455280752'. Type: quantized_group. Addr: 7f72d372
2026-09-26 13:20:20,141 - mneme.mneme_core - INFO - Group-int8_group 'act_ckpt_1132_2945455280992' (16, 256, 512): ratio=0.258, groups=4
2026-09-26 13:20:22,541 - mneme.mneme_core - INFO - Registered 'act_ckpt_1132_2945455280992'. Type: quantized_group. Addr: 7f72d372
2026-09-26 13:20:22,758 - mneme.mneme_core - INFO - Group-int8_group 'act_ckpt_1133_2945455280512' (16, 256, 512): ratio=0.258, groups=4
2026-09-26 13:20:25,130 - mneme.mneme_core - INFO - Registered 'act_ckpt_1133_2945455280512'. Type: quantized_group. Addr: 7f72d372
2026-09-26 13:20:25,352 - mneme.mneme_core - INFO - Group-int8_group 'act_ckpt_1134_2945455282352' (16, 256, 512): ratio=0.258, groups=4
2026-09-26 13:20:27,719 - mneme.mneme_core - INFO - Registered 'act_ckpt_1134_2945455282352'. Type: quantized_group. Addr: 7f72d372
2026-09-26 13:20:27,954 - mneme.mneme_core - INFO - Group-int8_group 'act_ckpt_1135_2945455282912' (16, 256, 512): ratio=0.258, groups=4
2026-09-26 13:20:30,305 - mneme.mneme_core - INFO - Registered 'act_ckpt_1135_2945455282912'. Type: quantized_group. Addr: 7f72d372
2026-09-26 13:20:30,539 - mneme.mneme_core - INFO - Group-int8_group 'act_ckpt_1136_2945455282832' (16, 256, 512): ratio=0.258, groups=4
2026-09-26 13:20:32,893 - mneme.mneme_core - INFO - Registered 'act_ckpt_1136_2945455282832'. Type: quantized_group. Addr: 7f72d372
2026-09-26 13:20:33,127 - mneme.mneme_core - INFO - Group-int8_group 'act_ckpt_1137_2945455283792' (16, 256, 512): ratio=0.258, groups=4
2026-09-26 13:20:35,496 - mneme.mneme_core - INFO - Registered 'act_ckpt_1137_2945455283792'. Type: quantized_group. Addr: 7f72d372
2026-09-26 13:20:35,730 - mneme.mneme_core - INFO - Group-int8_group 'act_ckpt_1138_2945455284432' (16, 256, 512): ratio=0.258, groups=4
2026-09-26 13:20:38,090 - mneme.mneme_core - INFO - Registered 'act_ckpt_1138_2945455284432'. Type: quantized_group. Addr: 7f72d372
2026-09-26 13:20:38,325 - mneme.mneme_core - INFO - Group-int8_group 'act_ckpt_1139_2945455284672' (16, 256, 512): ratio=0.258, groups=4
2026-09-26 13:20:40,691 - mneme.mneme_core - INFO - Registered 'act_ckpt_1139_2945455284672'. Type: quantized_group. Addr: 7f72d372
2026-09-26 13:20:40,942 - mneme.mneme_core - INFO - Group-int8_group 'act_ckpt_1140_2945455285152' (16, 256, 512): ratio=0.258, groups=4
2026-09-26 13:20:43,520 - mneme.mneme_core - INFO - Registered 'act_ckpt_1140_2945455285152'. Type: quantized_group. Addr: 7f72d372
2026-09-26 13:20:51,804 - mneme.mneme_core - INFO - Group-int8_group 'act_ckpt_1141_2945454972736' (16, 256, 512): ratio=0.256, groups=4
2026-09-26 13:20:54,235 - mneme.mneme_core - INFO - Registered 'act_ckpt_1141_2945454972736'. Type: quantized_group. Addr: 7f72d372
2026-09-26 13:20:54,560 - mneme.mneme_core - INFO - Group-int8_group 'act_ckpt_1142_2945454973696' (16, 256, 512): ratio=0.258, groups=4
2026-09-26 13:20:57,108 - mneme.mneme_core - INFO - Registered 'act_ckpt_1142_2945454973696'. Type: quantized_group. Addr: 7f72d372
2026-09-26 13:20:57,373 - mneme.mneme_core - INFO - Group-int8_group 'act_ckpt_1143_2945454974656' (16, 256, 512): ratio=0.258, groups=4
2026-09-26 13:20:59,953 - mneme.mneme_core - INFO - Registered 'act_ckpt_1143_2945454974656'. Type: quantized_group. Addr: 7f72d372
2026-09-26 13:21:00,225 - mneme.mneme_core - INFO - Group-int8_group 'act_ckpt_1144_2945454975216' (16, 256, 512): ratio=0.258, groups=4
2026-09-26 13:21:02,792 - mneme.mneme_core - INFO - Registered 'act_ckpt_1144_2945454975216'. Type: quantized_group. Addr: 7f72d372
2026-09-26 13:21:03,189 - mneme.mneme_core - INFO - Group-int8_group 'act_ckpt_1145_2945454975856' (16, 256, 512): ratio=0.258, groups=4
2026-09-26 13:21:05,759 - mneme.mneme_core - INFO - Registered 'act_ckpt_1145_2945454975856'. Type: quantized_group. Addr: 7f72d372
2026-09-26 13:21:06,094 - mneme.mneme_core - INFO - Group-int8_group 'act_ckpt_1146_2945454976736' (16, 256, 512): ratio=0.258, groups=4
2026-09-26 13:21:08,660 - mneme.mneme_core - INFO - Registered 'act_ckpt_1146_2945454976736'. Type: quantized_group. Addr: 7f72d372
2026-09-26 13:21:08,975 - mneme.mneme_core - INFO - Group-int8_group 'act_ckpt_1147_2945454980496' (16, 256, 512): ratio=0.258, groups=4
2026-09-26 13:21:11,551 - mneme.mneme_core - INFO - Registered 'act_ckpt_1147_2945454980496'. Type: quantized_group. Addr: 7f72d372
2026-09-26 13:21:11,781 - mneme.mneme_core - INFO - Group-int8_group 'act_ckpt_1148_2945454979856' (16, 256, 512): ratio=0.258, groups=4
2026-09-26 13:21:14,353 - mneme.mneme_core - INFO - Registered 'act_ckpt_1148_2945454979856'. Type: quantized_group. Addr: 7f72d372
2026-09-26 13:21:14,750 - mneme.mneme_core - INFO - Group-int8_group 'act_ckpt_1149_2945454978976' (16, 256, 512): ratio=0.258, groups=4
2026-09-26 13:21:17,317 - mneme.mneme_core - INFO - Registered 'act_ckpt_1149_2945454978976'. Type: quantized_group. Addr: 7f72d372
2026-09-26 13:21:17,534 - mneme.mneme_core - INFO - Group-int8_group 'act_ckpt_1150_2945454978416' (16, 256, 512): ratio=0.258, groups=4
2026-09-26 13:21:20,097 - mneme.mneme_core - INFO - Registered 'act_ckpt_1150_2945454978416'. Type: quantized_group. Addr: 7f72d372
2026-09-26 13:21:20,360 - mneme.mneme_core - INFO - Group-int8_group 'act_ckpt_1151_2945454977856' (16, 256, 512): ratio=0.258, groups=4
2026-09-26 13:21:22,925 - mneme.mneme_core - INFO - Registered 'act_ckpt_1151_2945454977856'. Type: quantized_group. Addr: 7f72d372
2026-09-26 13:21:23,181 - mneme.mneme_core - INFO - Group-int8_group 'act_ckpt_1152_2945454977376' (16, 256, 512): ratio=0.258, groups=4
2026-09-26 13:21:25,743 - mneme.mneme_core - INFO - Registered 'act_ckpt_1152_2945454977376'. Type: quantized_group. Addr: 7f72d372
2026-09-26 13:21:35,694 - mneme.mneme_core - INFO - Group-int8_group 'act_ckpt_1153_2945455127792' (16, 256, 512): ratio=0.256, groups=4
2026-09-26 13:21:38,261 - mneme.mneme_core - INFO - Registered 'act_ckpt_1153_2945455127792'. Type: quantized_group. Addr: 7f72d372
2026-09-26 13:21:38,509 - mneme.mneme_core - INFO - Group-int8_group 'act_ckpt_1154_2945455121152' (16, 256, 512): ratio=0.258, groups=4
2026-09-26 13:21:41,083 - mneme.mneme_core - INFO - Registered 'act_ckpt_1154_2945455121152'. Type: quantized_group. Addr: 7f72d372
2026-09-26 13:21:41,416 - mneme.mneme_core - INFO - Group-int8_group 'act_ckpt_1155_2945455127392' (16, 256, 512): ratio=0.258, groups=4
2026-09-26 13:21:44,088 - mneme.mneme_core - INFO - Registered 'act_ckpt_1155_2945455127392'. Type: quantized_group. Addr: 7f72d372
2026-09-26 13:21:44,354 - mneme.mneme_core - INFO - Group-int8_group 'act_ckpt_1156_2945455289792' (16, 256, 512): ratio=0.258, groups=4
2026-09-26 13:21:46,923 - mneme.mneme_core - INFO - Registered 'act_ckpt_1156_2945455289792'. Type: quantized_group. Addr: 7f72d372
2026-09-26 13:21:47,188 - mneme.mneme_core - INFO - Group-int8_group 'act_ckpt_1157_2945455291712' (16, 256, 512): ratio=0.258, groups=4
2026-09-26 13:21:49,764 - mneme.mneme_core - INFO - Registered 'act_ckpt_1157_2945455291712'. Type: quantized_group. Addr: 7f72d372
2026-09-26 13:21:50,130 - mneme.mneme_core - INFO - Group-int8_group 'act_ckpt_1158_2945455289952' (16, 256, 512): ratio=0.258, groups=4
2026-09-26 13:21:52,700 - mneme.mneme_core - INFO - Registered 'act_ckpt_1158_2945455289952'. Type: quantized_group. Addr: 7f72d372
2026-09-26 13:21:52,981 - mneme.mneme_core - INFO - Group-int8_group 'act_ckpt_1159_2945455290272' (16, 256, 512): ratio=0.258, groups=4
2026-09-26 13:21:55,555 - mneme.mneme_core - INFO - Registered 'act_ckpt_1159_2945455290272'. Type: quantized_group. Addr: 7f72d372
2026-09-26 13:21:55,926 - mneme.mneme_core - INFO - Group-int8_group 'act_ckpt_1160_2945455289632' (16, 256, 512): ratio=0.258, groups=4
2026-09-26 13:21:58,494 - mneme.mneme_core - INFO - Registered 'act_ckpt_1160_2945455289632'. Type: quantized_group. Addr: 7f72d372
2026-09-26 13:21:58,771 - mneme.mneme_core - INFO - Group-int8_group 'act_ckpt_1161_2945455278272' (16, 256, 512): ratio=0.258, groups=4
2026-09-26 13:22:01,343 - mneme.mneme_core - INFO - Registered 'act_ckpt_1161_2945455278272'. Type: quantized_group. Addr: 7f72d372
2026-09-26 13:22:01,717 - mneme.mneme_core - INFO - Group-int8_group 'act_ckpt_1162_2945455283472' (16, 256, 512): ratio=0.258, groups=4
2026-09-26 13:22:04,282 - mneme.mneme_core - INFO - Registered 'act_ckpt_1162_2945455283472'. Type: quantized_group. Addr: 7f72d372
2026-09-26 13:22:04,562 - mneme.mneme_core - INFO - Group-int8_group 'act_ckpt_1163_2945455281552' (16, 256, 512): ratio=0.258, groups=4
2026-09-26 13:22:07,127 - mneme.mneme_core - INFO - Registered 'act_ckpt_1163_2945455281552'. Type: quantized_group. Addr: 7f72d372
2026-09-26 13:22:07,383 - mneme.mneme_core - INFO - Group-int8_group 'act_ckpt_1164_2945455279072' (16, 256, 512): ratio=0.258, groups=4
2026-09-26 13:22:09,950 - mneme.mneme_core - INFO - Registered 'act_ckpt_1164_2945455279072'. Type: quantized_group. Addr: 7f72d372
2026-09-26 13:22:19,631 - mneme.mneme_core - INFO - Group-int8_group 'act_ckpt_1165_2945455297696' (16, 256, 512): ratio=0.256, groups=4
2026-09-26 13:22:22,198 - mneme.mneme_core - INFO - Registered 'act_ckpt_1165_2945455297696'. Type: quantized_group. Addr: 7f72d372
2026-09-26 13:22:22,538 - mneme.mneme_core - INFO - Group-int8_group 'act_ckpt_1166_2945455295376' (16, 256, 512): ratio=0.258, groups=4
2026-09-26 13:22:25,146 - mneme.mneme_core - INFO - Registered 'act_ckpt_1166_2945455295376'. Type: quantized_group. Addr: 7f72d372
2026-09-26 13:22:25,517 - mneme.mneme_core - INFO - Group-int8_group 'act_ckpt_1167_2945455294816' (16, 256, 512): ratio=0.258, groups=4
2026-09-26 13:22:28,098 - mneme.mneme_core - INFO - Registered 'act_ckpt_1167_2945455294816'. Type: quantized_group. Addr: 7f72d372
2026-09-26 13:22:28,370 - mneme.mneme_core - INFO - Group-int8_group 'act_ckpt_1168_2945455294576' (16, 256, 512): ratio=0.258, groups=4
2026-09-26 13:22:30,944 - mneme.mneme_core - INFO - Registered 'act_ckpt_1168_2945455294576'. Type: quantized_group. Addr: 7f72d372
2026-09-26 13:22:31,326 - mneme.mneme_core - INFO - Group-int8_group 'act_ckpt_1169_2945455297136' (16, 256, 512): ratio=0.258, groups=4
2026-09-26 13:22:33,899 - mneme.mneme_core - INFO - Registered 'act_ckpt_1169_2945455297136'. Type: quantized_group. Addr: 7f72d372
2026-09-26 13:22:34,173 - mneme.mneme_core - INFO - Group-int8_group 'act_ckpt_1170_2945455293056' (16, 256, 512): ratio=0.258, groups=4
2026-09-26 13:22:36,754 - mneme.mneme_core - INFO - Registered 'act_ckpt_1170_2945455293056'. Type: quantized_group. Addr: 7f72d372
2026-09-26 13:22:37,128 - mneme.mneme_core - INFO - Group-int8_group 'act_ckpt_1171_2945455301536' (16, 256, 512): ratio=0.258, groups=4
2026-09-26 13:22:39,707 - mneme.mneme_core - INFO - Registered 'act_ckpt_1171_2945455301536'. Type: quantized_group. Addr: 7f72d372
2026-09-26 13:22:39,976 - mneme.mneme_core - INFO - Group-int8_group 'act_ckpt_1172_2945455292976' (16, 256, 512): ratio=0.258, groups=4
2026-09-26 13:22:42,578 - mneme.mneme_core - INFO - Registered 'act_ckpt_1172_2945455292976'. Type: quantized_group. Addr: 7f72d372
2026-09-26 13:22:42,930 - mneme.mneme_core - INFO - Group-int8_group 'act_ckpt_1173_2945455302576' (16, 256, 512): ratio=0.258, groups=4
2026-09-26 13:22:45,524 - mneme.mneme_core - INFO - Registered 'act_ckpt_1173_2945455302576'. Type: quantized_group. Addr: 7f72d372
2026-09-26 13:22:45,904 - mneme.mneme_core - INFO - Group-int8_group 'act_ckpt_1174_2945455303136' (16, 256, 512): ratio=0.258, groups=4
2026-09-26 13:22:48,513 - mneme.mneme_core - INFO - Registered 'act_ckpt_1174_2945455303136'. Type: quantized_group. Addr: 7f72d372
2026-09-26 13:22:48,841 - mneme.mneme_core - INFO - Group-int8_group 'act_ckpt_1175_2945455303616' (16, 256, 512): ratio=0.258, groups=4
2026-09-26 13:22:51,416 - mneme.mneme_core - INFO - Registered 'act_ckpt_1175_2945455303616'. Type: quantized_group. Addr: 7f72d372
2026-09-26 13:22:51,814 - mneme.mneme_core - INFO - Group-int8_group 'act_ckpt_1176_2945455304016' (16, 256, 512): ratio=0.258, groups=4
2026-09-26 13:22:54,386 - mneme.mneme_core - INFO - Registered 'act_ckpt_1176_2945455304016'. Type: quantized_group. Addr: 7f72d372
2026-09-26 13:23:04,045 - mneme.mneme_core - INFO - Group-int8_group 'act_ckpt_1177_2941440499600' (16, 256, 512): ratio=0.255, groups=4
2026-09-26 13:23:06,621 - mneme.mneme_core - INFO - Registered 'act_ckpt_1177_2941440499600'. Type: quantized_group. Addr: 7f72d372
2026-09-26 13:23:06,931 - mneme.mneme_core - INFO - Group-int8_group 'act_ckpt_1178_2941440495360' (16, 256, 512): ratio=0.258, groups=4
2026-09-26 13:23:09,502 - mneme.mneme_core - INFO - Registered 'act_ckpt_1178_2941440495360'. Type: quantized_group. Addr: 7f72d372
2026-09-26 13:23:09,753 - mneme.mneme_core - INFO - Group-int8_group 'act_ckpt_1179_2945455281632' (16, 256, 512): ratio=0.258, groups=4
2026-09-26 13:23:12,330 - mneme.mneme_core - INFO - Registered 'act_ckpt_1179_2945455281632'. Type: quantized_group. Addr: 7f72d372
2026-09-26 13:23:12,660 - mneme.mneme_core - INFO - Group-int8_group 'act_ckpt_1180_2945455288432' (16, 256, 512): ratio=0.258, groups=4
2026-09-26 13:23:15,232 - mneme.mneme_core - INFO - Registered 'act_ckpt_1180_2945455288432'. Type: quantized_group. Addr: 7f72d372
2026-09-26 13:23:15,373 - mneme.mneme_core - INFO - Group-int8_group 'act_ckpt_1181_2945455284512' (16, 256, 512): ratio=0.258, groups=4
2026-09-26 13:23:17,948 - mneme.mneme_core - INFO - Registered 'act_ckpt_1181_2945455284512'. Type: quantized_group. Addr: 7f72d372
2026-09-26 13:23:18,174 - mneme.mneme_core - INFO - Group-int8_group 'act_ckpt_1182_2945455122432' (16, 256, 512): ratio=0.258, groups=4
2026-09-26 13:23:20,747 - mneme.mneme_core - INFO - Registered 'act_ckpt_1182_2945455122432'. Type: quantized_group. Addr: 7f72d372
2026-09-26 13:23:21,139 - mneme.mneme_core - INFO - Group-int8_group 'act_ckpt_1183_2945454969776' (16, 256, 512): ratio=0.258, groups=4
2026-09-26 13:23:23,720 - mneme.mneme_core - INFO - Registered 'act_ckpt_1183_2945454969776'. Type: quantized_group. Addr: 7f72d372
2026-09-26 13:23:23,992 - mneme.mneme_core - INFO - Group-int8_group 'act_ckpt_1184_2945454972096' (16, 256, 512): ratio=0.258, groups=4
2026-09-26 13:23:26,578 - mneme.mneme_core - INFO - Registered 'act_ckpt_1184_2945454972096'. Type: quantized_group. Addr: 7f72d372
2026-09-26 13:23:26,944 - mneme.mneme_core - INFO - Group-int8_group 'act_ckpt_1185_2945454967856' (16, 256, 512): ratio=0.258, groups=4
2026-09-26 13:23:29,523 - mneme.mneme_core - INFO - Registered 'act_ckpt_1185_2945454967856'. Type: quantized_group. Addr: 7f72d372
2026-09-26 13:23:29,751 - mneme.mneme_core - INFO - Group-int8_group 'act_ckpt_1186_2945454979856' (16, 256, 512): ratio=0.258, groups=4
2026-09-26 13:23:32,331 - mneme.mneme_core - INFO - Registered 'act_ckpt_1186_2945454979856'. Type: quantized_group. Addr: 7f72d372
2026-09-26 13:23:32,702 - mneme.mneme_core - INFO - Group-int8_group 'act_ckpt_1187_2945454975936' (16, 256, 512): ratio=0.258, groups=4
2026-09-26 13:23:35,282 - mneme.mneme_core - INFO - Registered 'act_ckpt_1187_2945454975936'. Type: quantized_group. Addr: 7f72d372
2026-09-26 13:23:35,490 - mneme.mneme_core - INFO - Group-int8_group 'act_ckpt_1188_2943667540112' (16, 256, 512): ratio=0.258, groups=4
2026-09-26 13:23:38,060 - mneme.mneme_core - INFO - Registered 'act_ckpt_1188_2943667540112'. Type: quantized_group. Addr: 7f72d372
Traceback (most recent call last):
  File "D:\mztrain\examples\example_zcodebert.py", line 297, in <module>
    main()
    ~~~~^^
  File "D:\mztrain\examples\example_zcodebert.py", line 197, in main
    loss.backward()
    ~~~~~~~~~~~~~^^
  File "D:\mztrain\.venv\Lib\site-packages\torch\_tensor.py", line 631, in backward
    torch.autograd.backward(
    ~~~~~~~~~~~~~~~~~~~~~~~^
        self, gradient, retain_graph, create_graph, inputs=inputs
        ^^^^^^^^^^^^^^^^^^^^^^^^^^^^^^^^^^^^^^^^^^^^^^^^^^^^^^^^^
    )
    ^
  File "D:\mztrain\.venv\Lib\site-packages\torch\autograd\__init__.py", line 381, in backward
    _engine_run_backward(
    ~~~~~~~~~~~~~~~~~~~~^
        tensors,
        ^^^^^^^^
    ...<5 lines>...
        accumulate_grad=True,
        ^^^^^^^^^^^^^^^^^^^^^
    )
    ^
  File "D:\mztrain\.venv\Lib\site-packages\torch\autograd\graph.py", line 869, in _engine_run_backward
    return Variable._execution_engine.run_backward(  # Calls into the C++ engine to run the backward pass
           ~~~~~~~~~~~~~~~~~~~~~~~~~~~~~~~~~~~~~~~^^^^^^^^^^^^^^^^^^^^^^^^^^^^^^^^^^^^^^^^^^^^^^^^^^^^^^^
        t_outputs, *args, **kwargs
        ^^^^^^^^^^^^^^^^^^^^^^^^^^
    )  # Calls into the C++ engine to run the backward pass
    ^
torch.OutOfMemoryError: CUDA out of memory. Tried to allocate 782.00 MiB. GPU 0 has a total capacity of 8.00 GiB of which 0 bytes is free. Of the allocated memory 21.44 GiB is allocated by PyTorch, and 1.02 GiB is reserved by PyTorch but unallocated. If reserved but unallocated memory is large try setting PYTORCH_CUDA_ALLOC_CONF=expandable_segments:True to avoid fragmentation.  See documentation for Memory Management  (https://docs.pytorch.org/docs/stable/notes/cuda.html#optimizing-memory-usage-with-pytorch-cuda-alloc-conf)
